poem_style,poem_text,poem_title,poet_cat,poet_name,poem_generate_text,score
فصحى,  في زمان يصارحني لست مني واصارحه لست منك واجهد ان افهمه وانا الان طيف يتشرد في مهمه ويخيم في جمجمه ,صحراء II ,سوريا,أدونيس,  في زمان يصارحني لست مني واصارحه لست منك واجهد ان افهمه وانا الان طيف يتشرد في مهمه ويخيم في جمجمه اصمتي,0.953
فصحى, مساء الخير يا قمرا علي افاقنا يظهر مساء الخير يا احلي من الدراق والسكر ويا اغلي من الياقوت والمرجان والاصفر ويا من فوق اهدابي وبين جوانحي تسهر انام السحر في عينيك,مساء الخير ,السعودية,حسين احمد النجمي, مساء الخير يا قمرا علي افاقنا يظهر مساء الخير يا احلي من الدراق والسكر ويا اغلي من الياقوت والمرجان والاصفر ويا من فوق اهدابي وبين جوانحي تسهر انام السحر في عينيك اجمل,0.968
فصحى, سقيا لايام خلت اذ لم اقل سقيا لايام خلت وعصور ايام يرعاني الشباب متعا في روضة من لهوه وغدير مستقبلا اوطاره لم انصرف عن وجه مامول الي محذور,سقيا لأيامٍ خلتْ إذ لم أقل ,العصر العباسي,ابن الرومي, سقيا لايام خلت اذ لم اقل سقيا لايام خلت وعصور ايام يرعاني الشباب متعا في روضة من لهوه وغدير مستقبلا اوطاره لم انصرف عن وجه مامول الي محذور و,0.965
فصحى, الا ليت شعري هل ابيتن ليلة يروحني بالغوطتين نسيم وهل يجمعن الكاس شملي بفتية علي العيش منهم نضرة ونعيم,ألا ليتَ شعرِي هلْ أبيتَنَّ ليلة ً ,العصر العباسي,ابن الخياط, الا ليت شعري هل ابيتن ليلة يروحني بالغوطتين نسيم وهل يجمعن الكاس شملي بفتية علي العيش منهم نضرة ونعيم الم تر لي,0.86
فصحى,قلبي يتعلق بالاحلام ويعشق وجه البحر يتفطر مثل تويج الزهر يمشي فوق البحر ويسقط في ماء النهر ويعشب مثل الصحراء اذا عاجلها غيم مشتاق قلبي يتساقط منه التفاح علي سطح المكتب يتدحرج,زحام ,السعودية,زياد آل الشيخ,قلبي يتعلق بالاحلام ويعشق وجه البحر يتفطر مثل تويج الزهر يمشي فوق البحر ويسقط في ماء النهر ويعشب مثل الصحراء اذا عاجلها غيم مشتاق قلبي يتساقط منه التفاح علي سطح المكتب يتدحرج فيه,0.968
فصحى, بحسن طلعتك الدنيا تهنيها فانها بك قد نالت امانيها والعيد اصبح من علياك مبتسما والدهر والناس والدنيا ومن فيها ما العيد الا هلال منك مقتبس نورا لعين الوري يجلو اماقيها ادار,بِحُسن طَلعَتِكَ الدُنيا تَهنيها ,مصر,عائشة التيمورية, بحسن طلعتك الدنيا تهنيها فانها بك قد نالت امانيها والعيد اصبح من علياك مبتسما والدهر والناس والدنيا ومن فيها ما العيد الا هلال منك مقتبس نورا لعين الوري يجلو اماقيها ادار طرفي,0.968
فصحى, ليل الهوي يقظان و الحب ترب السهر والصبر لي خوان والنوم من عيني بري يا روضة الانس روض المني منك جديب لولاك لم امس في الدار والاهل غريب رضاك لنفس مثل,ليلُ الهوى يقظانْ ,العصر الأندلسي,ابن سهل الأندلسي, ليل الهوي يقظان و الحب ترب السهر والصبر لي خوان والنوم من عيني بري يا روضة الانس روض المني منك جديب لولاك لم امس في الدار والاهل غريب رضاك لنفس مثل س,0.968
فصحى, اعد البناء وجد الميثاقا وخذ السبيل مبادرا سباقا جد النضال ومن وراءك فتية تهب النفوس وتبذل الاعلاقا عقدت بايات الكتاب عهودها فاعقد عليها من سناه نطاقا ان كنت يوما بانيا ومجندا,أعد البناء وجدد الميثاقا ,مصر,أحمد محرم, اعد البناء وجد الميثاقا وخذ السبيل مبادرا سباقا جد النضال ومن وراءك فتية تهب النفوس وتبذل الاعلاقا عقدت بايات الكتاب عهودها فاعقد عليها من سناه نطاقا ان كنت يوما بانيا ومجندا ف,0.968
فصحى, لواعج الشوق تخطيهم وتصميني والوم في الحب ينهاهم ويغريني ولو لقوا بعض ما القي نعمت بهم لكنهم سلموا ما يعنيني وبالكثيب الي الاجزاع نازلة علقت منها بوعد غير مضمون ما سوغوني,لواعج الشوق تخطيهم وتصميني ,العصر العباسي,الشريف الرضي, لواعج الشوق تخطيهم وتصميني والوم في الحب ينهاهم ويغريني ولو لقوا بعض ما القي نعمت بهم لكنهم سلموا ما يعنيني وبالكثيب الي الاجزاع نازلة علقت منها بوعد غير مضمون ما سوغوني وما,0.968
فصحى, وحبك ما استحسنت غير مجرب عليك اذا لم تنتهك فيه محرما,وحبك ما استحسنت غير مجرب ,العصر العباسي,الخُبز أَرزي, وحبك ما استحسنت غير مجرب عليك اذا لم تنتهك فيه محرما وافي بصيرا ان ناءله مءنب فاورده حوض الامان,0.565
فصحى,في الخيام السود ,أزهار من جهنم ,فلسطين,راشد حسين,في الخيام السود يابي لك ان تبينا علي ما فات من عمرك او نموت بلا ذنب و لا موت اذا كان هذا الناس يكرهونك الان فلن تسمع,0.0
فصحى, هم علموا عيني سءال المعالم بنوعين هطال عليها وساجم ابوا ظنة بي ان اري غير مغرم فهموا بقلبي ان يري غير هاءم كانهم اذ ازمعوا سلبوا الكري جفوني فما احظي بلذة,همُ علّموا عيني سؤال المعالمِ ,العصر العباسي,علي بن محمد التهامي, هم علموا عيني سءال المعالم بنوعين هطال عليها وساجم ابوا ظنة بي ان اري غير مغرم فهموا بقلبي ان يري غير هاءم كانهم اذ ازمعوا سلبوا الكري جفوني فما احظي بلذة من,0.968
فصحى,غيمة من كلام تبخر من جث الانبياء وتغطي الفضاء,حالة غيمة ,سوريا,أدونيس,غيمة من كلام تبخر من جث الانبياء وتغطي الفضاء بالجراح التي تحرسها الكلمات او تكتب في اليل البهيم قصيدتها الاخيرة قد تقطر الا,0.345
فصحى, رجوت الصبر عنك فراث صبري وقدما كان صبري لا يريث فقلت تمثلا لك ليت شعري متي ياتي غياثك من تغيث,رجوت الصبر عنك فراث صبري ,العصر العباسي,الخُبز أَرزي, رجوت الصبر عنك فراث صبري وقدما كان صبري لا يريث فقلت تمثلا لك ليت شعري متي ياتي غياثك من تغيثه فقال نعم قد,0.822
فصحى, هذي الرواءع من ذاك الظي خلق ما اضعف السيف حين الخلق يمتشق ما في الحديد ولا في النار منتصر كلاهما في لهيب الحق يحترق اله اكبر في الفكر من شعل حذار,هذي الرَوائِعُ مِن ذاكَ اللَظى خُلُقُ ,لبنان,الياس أبو شبكة, هذي الرواءع من ذاك الظي خلق ما اضعف السيف حين الخلق يمتشق ما في الحديد ولا في النار منتصر كلاهما في لهيب الحق يحترق اله اكبر في الفكر من شعل حذار الردي,0.968
فصحى, فما عزلوك مسبوقا ولكن الي الخيرات سباقا جوادا وكنت اخي وما ولدتك امي وصولا باذلا لي مستزادا وقد هيضت لنكبتك القدامي كذاك اله يفعل ما ارادا,فما عزلوك مسبوقاً ولكن ,العصر الإسلامي,عدي بن الرقاع, فما عزلوك مسبوقا ولكن الي الخيرات سباقا جوادا وكنت اخي وما ولدتك امي وصولا باذلا لي مستزادا وقد هيضت لنكبتك القدامي كذاك اله يفعل ما ارادا وان,0.962
فصحى, املا القدح واعص من نصح وارو غلتي بابنة الفرح فالفتي متي ذاقها انشرح وهي ان سرت في العليل صح او صبا بها باخل سمح هجر الكري واغد نصطبح فالدجي مضي والسنا,امْلإِ الْقَدَحْ ,مصر,محمود سامي البارودي, املا القدح واعص من نصح وارو غلتي بابنة الفرح فالفتي متي ذاقها انشرح وهي ان سرت في العليل صح او صبا بها باخل سمح هجر الكري واغد نصطبح فالدجي مضي والسنا علي,0.968
فصحى,لماذا تغلقين الباب ومن قال باني اطرق الابواب انا لا شيء يمنعني ومهما كانت الاسباب فلا حرس سيمنعني ولا باب ولا بواب ,لماذا تغلقين الباب ؟ ,مصر,عبدالعزيز جويدة,لماذا تغلقين الباب ومن قال باني اطرق الابواب انا لا شيء يمنعني ومهما كانت الاسباب فلا حرس سيمنعني ولا باب ولا بواب ي,0.953
فصحى, لقد سجعت في جنح ليل حمامة فاي اسي هاجت علي الهاءم الصب لك الويل كم هيجت شجوي بلا جوي وشكوي بلا شكوي وكربا بلا كرب واسكبت دمعا من جفون مسهد وما,لقَدْ سَجَعَتْ في جُنْحِ لَيْلٍ حَمامة ٌ ,العصر الأندلسي,ابن عبد ربه, لقد سجعت في جنح ليل حمامة فاي اسي هاجت علي الهاءم الصب لك الويل كم هيجت شجوي بلا جوي وشكوي بلا شكوي وكربا بلا كرب واسكبت دمعا من جفون مسهد وما زال,0.968
فصحى, الحق في شاهد يبدو ومشهود والخلق ما بين مفقود وموجود ان قلت هذا هو المخلوق قيل انا الحق باطنه من غير تقيد او قلت هذا هو الحق الذي شهدت له دلالته,الحقُّ في شاهدٍ يبدو ومشهودِ ,العصر العباسي,محيي الدين  بن عربي, الحق في شاهد يبدو ومشهود والخلق ما بين مفقود وموجود ان قلت هذا هو المخلوق قيل انا الحق باطنه من غير تقيد او قلت هذا هو الحق الذي شهدت له دلالته بوجوده,0.968
فصحى, اغنية,فيروز المبكي ,السعودية,محمد الحارثي, اغنية من نور في سماءك ما زال صوتك يرفرف فوق جدران اليل يغمرني بالزهر والزينات يا حبذا ليل بهيم بريء الوجه قد صار,0.0
فصحى, هاقد كتبت فما ردت جوابي ورجعت مختوما علي كتابي واتي رسولي مستكينا يشتكي ذل الحجاب ونخوة البواب وكاني بك قد كتبت معذرا وطلمتني بملامة وعتاب فارجع الي الانصاف واعلم انه اولي,هاقَدْ كتبتُ فما رَدَدْتَ جَوابِي ,العصر العباسي,كشاجم, هاقد كتبت فما ردت جوابي ورجعت مختوما علي كتابي واتي رسولي مستكينا يشتكي ذل الحجاب ونخوة البواب وكاني بك قد كتبت معذرا وطلمتني بملامة وعتاب فارجع الي الانصاف واعلم انه اولي بمن,0.968
فصحى,هو ليس لبلابا فكيف تسلق السور العظيم الي حداءق ياسمينك و اشراب هو ليس غيما كيف اسقط ثلجه نارا تلظي فوق روضة من احب هو ليس بركانا فكيف تجرات يده علي حرق,و لكِ اعتذار بنفسجات ,مصر,جمال مرسي,هو ليس لبلابا فكيف تسلق السور العظيم الي حداءق ياسمينك و اشراب هو ليس غيما كيف اسقط ثلجه نارا تلظي فوق روضة من احب هو ليس بركانا فكيف تجرات يده علي حرق اح,0.968
فصحى, حي الصفوف لراب الصدع تجتمع وحي صرخة ايقاظ بمن هجعوا ان الشباب جنود اله الفهم في ,إلى الشباب السوري.. ,العراق,محمد مهدي الجواهري, حي الصفوف لراب الصدع تجتمع وحي صرخة ايقاظ بمن هجعوا ان الشباب جنود اله الفهم في مامنه وفي امن من كيد الطغاة تجمع ما,0.659
فصحى, وشادن افسد قل بي بعد حسن توبته و زارني من قبل اع لامي بوقت زورته جاء بجيش الحسن في عديده وعدته العيش والمات في وصاله وهجرته وقوسه وسهمه وسيفه في لحظته,وشادنٍ أفسدَ قَلـ ,العصر العباسي,ابن المعتز, وشادن افسد قل بي بعد حسن توبته و زارني من قبل اع لامي بوقت زورته جاء بجيش الحسن في عديده وعدته العيش والمات في وصاله وهجرته وقوسه وسهمه وسيفه في لحظته وث,0.968
فصحى, اجارتنا اخطات حظك فاخرجي ولا تدخلي بيني وبين المشمرج اخي لامني او لمته ثم نرعوي الي ثابت من حلمنا غير مخدج نعود اذا اعوج سبيل باهلها حفاظا وليس الحق فينا باعوج,أجَارَتَنَا أخْطَأتِ حَظَّك فاخْرُجِي ,العصر العباسي,بشار بن برد, اجارتنا اخطات حظك فاخرجي ولا تدخلي بيني وبين المشمرج اخي لامني او لمته ثم نرعوي الي ثابت من حلمنا غير مخدج نعود اذا اعوج سبيل باهلها حفاظا وليس الحق فينا باعوج فلا,0.968
فصحى, واذا حضرن مع الملاح بمجلس ابصرتهن وما قبحن قباحا,وإذا حضرن مع الملاح بمجلس ,العصر العباسي,السيد الحميري, واذا حضرن مع الملاح بمجلس ابصرتهن وما قبحن قباحا فقال قد رايت من الواتي كانها ملس المتون نقاحا فقلت لا,0.433
فصحى, عجبت من طرفي وخد المليح كلاهما هذا بهذا جريح هذا دم الراح به واقف و ذا دم الادمع فيه يسيح تغزلي المنظوم فيه وفي سلطانا الناصر نظم المديح في دعة اله,عجبتُ من طرفي وخدّ المليح ,العصر الأندلسي,ابن نباتة المصري, عجبت من طرفي وخد المليح كلاهما هذا بهذا جريح هذا دم الراح به واقف و ذا دم الادمع فيه يسيح تغزلي المنظوم فيه وفي سلطانا الناصر نظم المديح في دعة الهزار,0.967
فصحى, هل ليالي بالمنقي رجوع مثلما كن لي ونحن جميع زمن راعني تذكره الثا وي وان كان ماضيا لا يريع كم اليه لذاكريه حنين وعليه لناظريه دموع ونزاع ما ان يخاف وان,هل ليالي بالمنقى رجوعُ ,العصر العباسي,الشريف المرتضى, هل ليالي بالمنقي رجوع مثلما كن لي ونحن جميع زمن راعني تذكره الثا وي وان كان ماضيا لا يريع كم اليه لذاكريه حنين وعليه لناظريه دموع ونزاع ما ان يخاف وان ه,0.968
فصحى,  اولاد ادم وقبله ابليس الاثنان ولدا من طوفان خطيءة ,مقاطع (2) ,عمان,سيف الرحبي,  اولاد ادم وقبله ابليس الاثنان ولدا من طوفان خطيءة ياءسين في الدنيا هما ولداني قد اتفقا علي تفسير ما القران يا امي منذ قرون لم,0.37
فصحى,امض ابتعد واحتضن الامواج والهواء واحمل علي اهدابك السحاب والبروق ولتنكسر وراءك مراتنا ولتنكسر قارورة السنين واترك لنا وراءك لا لا تدع وراءك غير بقايا حسرة وطين غير الدم اليابس في العروق,اترك لنا وراءك ,سوريا,أدونيس,امض ابتعد واحتضن الامواج والهواء واحمل علي اهدابك السحاب والبروق ولتنكسر وراءك مراتنا ولتنكسر قارورة السنين واترك لنا وراءك لا لا تدع وراءك غير بقايا حسرة وطين غير الدم اليابس في العروق اه,0.968
فصحى, ذهبت وكان المرء يبلو ويبتلي اطالع ما قال المجر بن مالك فلم ار الا هيج ريح تقطعت اعاصير في ارض سهوب مهالك فلا ذنب لي لو كنت اضطر ضيعتي الي جول,ذَهَبتُ وَكانَ المَرءُ يَبلو وَيُبتَلى ,العراق,أبو الأسود الدؤلي, ذهبت وكان المرء يبلو ويبتلي اطالع ما قال المجر بن مالك فلم ار الا هيج ريح تقطعت اعاصير في ارض سهوب مهالك فلا ذنب لي لو كنت اضطر ضيعتي الي جول الرياح,0.968
فصحى, يا من له قدم في الفضل راسخة ومن له علم في العلم مرفوع ومن له مقول كالسيف منصلت وخاطر بحره في کلشعر ينبوع له علي نظمه طبع يساعده ما كل من,يا مَنْ له قدَمٌ في الفضلِ راسِخة ٌ ,العصر العباسي,سبط ابن التعاويذي, يا من له قدم في الفضل راسخة ومن له علم في العلم مرفوع ومن له مقول كالسيف منصلت وخاطر بحره في کلشعر ينبوع له علي نظمه طبع يساعده ما كل من يرت,0.968
فصحى,تجيءين مشاهد من روعة قطفتها بشاشة روحك ذات زحام ولما تجدها اماني النساء لكيلا تكون سواك مراة كاملة تبوحين تقاطيع من همسات شفاف مذاب برقتك ال قاتلة تروحين صمتا بملء الكلام واشتاق,شوق ,اليمن,ياسين الزكري,تجيءين مشاهد من روعة قطفتها بشاشة روحك ذات زحام ولما تجدها اماني النساء لكيلا تكون سواك مراة كاملة تبوحين تقاطيع من همسات شفاف مذاب برقتك ال قاتلة تروحين صمتا بملء الكلام واشتاق فيك,0.968
فصحى, يا زاءر الحسناء في عيدها ان تهد فانظر ما الذي تهدي اخطاك الحزم واخطاته ايحمل الورد الي الورد,يَا زَائِرَ الْحَسْنَاءِ فِي عِيدِهَا ,لبنان,خليل مطران, يا زاءر الحسناء في عيدها ان تهد فانظر ما الذي تهدي اخطاك الحزم واخطاته ايحمل الورد الي الورد ويبسط السحب يدا,0.853
فصحى, هو فخر الشباب وهو الفتي يحفظه اله فاقد النظراءيا حكيما علي الحداثة في السن تقدمت سنة الحكماء لم نحدث فيما نحدث عن مبتكر ما ابتكرته في العطاء وحلي العقل فيك شتي,هو فخر الشباب وهو الفتى ,لبنان,جبران خليل جبران, هو فخر الشباب وهو الفتي يحفظه اله فاقد النظراءيا حكيما علي الحداثة في السن تقدمت سنة الحكماء لم نحدث فيما نحدث عن مبتكر ما ابتكرته في العطاء وحلي العقل فيك شتي من,0.968
فصحى, من تخلصت او الي من تخلص يا طالب الخلاص ان كنت بالعلم في مزيد انا من العلم في انتقاص ان لنا حكمة تعدت بذاتها منزل القصاص ان كانت الحال ما ذكرنا,ممن تخلصت أو إلى مَن ,العصر العباسي,محيي الدين  بن عربي, من تخلصت او الي من تخلص يا طالب الخلاص ان كنت بالعلم في مزيد انا من العلم في انتقاص ان لنا حكمة تعدت بذاتها منزل القصاص ان كانت الحال ما ذكرنا فاح,0.968
فصحى, جاد الامير بصيده فدعت هديته ثناءي يا طيبهن حماءما علمتني حسن الوفاء اويتهن الي الحشا فملان راسي بالغناء,جاد الأمير بصيده ,لبنان,جبران خليل جبران, جاد الامير بصيده فدعت هديته ثناءي يا طيبهن حماءما علمتني حسن الوفاء اويتهن الي الحشا فملان راسي بالغناء مك,0.946
فصحى, برونق سوح العلي المطلق رفعت سما قبة الرونق وايدت شان معاني الغيوب بجعفر برهانك الاوثق فلولاك قيد بطون الهدي لاهل المظاهر لم يطلق ولولاك يا سيد المرسلين حديث الحقاءق لم يصدق,برونق سوح العلى المطلق ,سوريا,أبو الهدى الصيادي, برونق سوح العلي المطلق رفعت سما قبة الرونق وايدت شان معاني الغيوب بجعفر برهانك الاوثق فلولاك قيد بطون الهدي لاهل المظاهر لم يطلق ولولاك يا سيد المرسلين حديث الحقاءق لم يصدق ومن,0.968
فصحى, يا قاتل اله قلبي كم يجشمني ما يعجز الناس عن هم وازماع كم مهمة قذف تمشي الرياح به حسري تلوذ باكناف واجزاع لا يملك الذمر فيه قلبه فرقا ولا يهم به,يا قاتل الله قلبي كم يجشمني ,العصر الأندلسي,الحكم بن أبي الصلت, يا قاتل اله قلبي كم يجشمني ما يعجز الناس عن هم وازماع كم مهمة قذف تمشي الرياح به حسري تلوذ باكناف واجزاع لا يملك الذمر فيه قلبه فرقا ولا يهم به في,0.968
فصحى, لحج سار ومن راي ركنا الي ركن يسير فالارض تشهد كلها لك انك النوء الغزير حيت اغر كان طلع ة وجه قمر منير,للحجّ سار ومن رأى ,العصر الأندلسي,حيدر بن سليمان الحلي, لحج سار ومن راي ركنا الي ركن يسير فالارض تشهد كلها لك انك النوء الغزير حيت اغر كان طلع ة وجه قمر منير واذا ما غبت,0.882
فصحى, ثقي بي يا معذبتي فاني ساحفظ فيك ما ضيعت مني وان اصبحت قد ارضيت قوما بسخطي لم يكن ذا فيك ظني وهل قلب كقلبك في ضلوعي فاسلو عنك حين سلوت عني,ثِقي بي، يا مُعَذِّبَتي، فإنّي ,العصر الأندلسي,ابن زيدون, ثقي بي يا معذبتي فاني ساحفظ فيك ما ضيعت مني وان اصبحت قد ارضيت قوما بسخطي لم يكن ذا فيك ظني وهل قلب كقلبك في ضلوعي فاسلو عنك حين سلوت عني وما,0.968
فصحى, مني علي براحة من مهجة فالموت ايسر من عذاب داءم مالي سوي الزمن المعلق بالمني نفس ترد في الفءاد الهاءم مكلت فءادي وهي اعنف مالك وتحكمت والحب اجور حاكم مرسومة بالحسن,مني عليَّ براحة ٍ منْ مهجة ٍ ,العصر العباسي,ابن دريد, مني علي براحة من مهجة فالموت ايسر من عذاب داءم مالي سوي الزمن المعلق بالمني نفس ترد في الفءاد الهاءم مكلت فءادي وهي اعنف مالك وتحكمت والحب اجور حاكم مرسومة بالحسن اما,0.968
فصحى, الصبح اصبح والظلا م كما تراه احم حالك يتباريان ويسلكا ن الي الوري ضيق المسالك اسدان يفترسان من مرا به فابه لذلك حملا المالك عن ردي قاض الي خان والك اودي,ألصبحُ أصبحُ، والظّلا ,العصر العباسي,أبوالعلاء المعري, الصبح اصبح والظلا م كما تراه احم حالك يتباريان ويسلكا ن الي الوري ضيق المسالك اسدان يفترسان من مرا به فابه لذلك حملا المالك عن ردي قاض الي خان والك اودي في,0.968
فصحى,انا المعجون من حناء هذي الارض من ملح التراب الحر امي ايقظتني مرة في الفجر يا ايها الولد ,ما قالَ الوَلدُ لأُمه  ,فلسطين, يوسف الديك,انا المعجون من حناء هذي الارض من ملح التراب الحر امي ايقظتني مرة في الفجر يا ايها الولد يبدا الصبح بليل النهار لا شيء,0.733
فصحى, قل لابن سينا لا طبي ب اليوم الا الدرهم هو قبل بقراط وقب لك لجراحة مرهم والناس مذ كانوا علي ه داءرون وحوم وبسحره تعلو الاسا فل في العيون وتعظم يا,قل لابن سِينا: لا طَبيـ ,مصر,أحمد شوقي, قل لابن سينا لا طبي ب اليوم الا الدرهم هو قبل بقراط وقب لك لجراحة مرهم والناس مذ كانوا علي ه داءرون وحوم وبسحره تعلو الاسا فل في العيون وتعظم يا ايها,0.968
فصحى,وحبك يا سيدتي امينه جاء من الهدي بما تبغينه في مثل حي تخلدينه يثير شجو الانفس الرزينه ويستدر الادمع السخينه كانت برنتي اسرة مسكينه مجيدة مرهقة حزينه اخلاقها قويمة مكينه لكنها لم,وَحُبِّكَ يَا سَيِّدَتِي أَمِينَهْ ,لبنان,خليل مطران,وحبك يا سيدتي امينه جاء من الهدي بما تبغينه في مثل حي تخلدينه يثير شجو الانفس الرزينه ويستدر الادمع السخينه كانت برنتي اسرة مسكينه مجيدة مرهقة حزينه اخلاقها قويمة مكينه لكنها لم تكن,0.968
فصحى, في الياس لي عز كفاني ذلي يشركني في الموت كل خل و لست من فضله من فضلي والسيف راع ابلي في المحل يسوقها الي قدور تغلي ترقل فيها بالقدور الجزل ارقالها,في اليأسِ لي عزٌّ كَفاني ذُلّي، ,العصر العباسي,ابن المعتز, في الياس لي عز كفاني ذلي يشركني في الموت كل خل و لست من فضله من فضلي والسيف راع ابلي في المحل يسوقها الي قدور تغلي ترقل فيها بالقدور الجزل ارقالها خ,0.968
فصحى, ما كل من نطقوا الحروف ابانوا فلقد يذوب بما يقول لسان لغة الوفاء شريفة كلماتها فيها عن الحب الاصيل بيان يسمو بها صدق الشعور الي الذرا ويزف عطر حروفها الوجدان لغة,يا قدس ,السعودية,عبدالرحمن العشماوي, ما كل من نطقوا الحروف ابانوا فلقد يذوب بما يقول لسان لغة الوفاء شريفة كلماتها فيها عن الحب الاصيل بيان يسمو بها صدق الشعور الي الذرا ويزف عطر حروفها الوجدان لغة تن,0.968
فصحى, عيد باية حال عدت يا عيد بما مضي ام بامر فيك تجديد اما الاحبة فالبيداء دونهم فليت دونك بيدا دونها بيد لولا العلي لم تجب بي ما اجوب بها وجناء حرف,عيد بأية حال عدت يا عيد ,العصر العباسي,المتنبي, عيد باية حال عدت يا عيد بما مضي ام بامر فيك تجديد اما الاحبة فالبيداء دونهم فليت دونك بيدا دونها بيد لولا العلي لم تجب بي ما اجوب بها وجناء حرف مر,0.968
فصحى, في ثغرها الحلو او في جيدها الحالي لا ارغم اله الا انف عذالي ان يسل قلبي بنار في محبتها فلا وحق هواها لست بالسالي غزالة الحي اشراقا وملتفتا ما كفء جيدك,في ثغرها الحلو أو في جيدها الحالي ,العصر الأندلسي,ابن نباتة المصري, في ثغرها الحلو او في جيدها الحالي لا ارغم اله الا انف عذالي ان يسل قلبي بنار في محبتها فلا وحق هواها لست بالسالي غزالة الحي اشراقا وملتفتا ما كفء جيدك لي,0.968
فصحى, اري الشرف الاعلي اليك مسلما فلا مجد الا ما الي مجدك انتما وما نال هذا الفضل ماض من الوري وان ناله ات فمنك تعلما وهذا مجال قد ركبت طريقه بكل الوري,أَرى الشَّرَفَ الأَعْلَى إِلَيْكَ مُسَلَّما ,العصر العباسي,ابن حيوس, اري الشرف الاعلي اليك مسلما فلا مجد الا ما الي مجدك انتما وما نال هذا الفضل ماض من الوري وان ناله ات فمنك تعلما وهذا مجال قد ركبت طريقه بكل الوري قدما,0.968
فصحى, لي صاحب قد كنت امل نفعه سبقت صواعقه الي صبيبه رجيته لناءبات فساءني حتي جعلت الناءبات حسيبه ولما سالت زمانه اعناته لكن سالت زمانه تاديبه وعسي معوجه يكون ثقافه ولعل مرضه,لي صاحبٌ قد كنتُ آمُلُ نفعَهُ ,العصر العباسي,ابن الرومي, لي صاحب قد كنت امل نفعه سبقت صواعقه الي صبيبه رجيته لناءبات فساءني حتي جعلت الناءبات حسيبه ولما سالت زمانه اعناته لكن سالت زمانه تاديبه وعسي معوجه يكون ثقافه ولعل مرضه دواء,0.968
فصحى, بين بان الحمي وبان المصلي فاتنات من الظباء الجوازي كل هيفاء ردفها في ارتجاج حين تمشي وعطفها في اهتزاز غادة وعدها مجاز ومن ذا يترجي حقيقة من مجاز هتكتني من بعد,بينَ بان الحِمَى وبانِ المُصلَّى ,العصر العباسي,الشاب الظريف, بين بان الحمي وبان المصلي فاتنات من الظباء الجوازي كل هيفاء ردفها في ارتجاج حين تمشي وعطفها في اهتزاز غادة وعدها مجاز ومن ذا يترجي حقيقة من مجاز هتكتني من بعد ان,0.968
فصحى,  سيبقي القليل من الاكاذيب وترهات مداءح الشعراء لملوك الظلمة وسخافات الشعراء المخنثين والشاعرات السحاقيات سيبقي القليل من مواعظ المدرسين المرتشين والزوجات الغبيات والقليل من الاوامر الادارية بالتعين والفصل والطرد والقليل,القليل من التراب ,العراق,أديب كمال الدين,  سيبقي القليل من الاكاذيب وترهات مداءح الشعراء لملوك الظلمة وسخافات الشعراء المخنثين والشاعرات السحاقيات سيبقي القليل من مواعظ المدرسين المرتشين والزوجات الغبيات والقليل من الاوامر الادارية بالتعين والفصل والطرد والقليل ايضا,0.968
فصحى, لءن كنت محتاجا الي الحلم اني الي الجهل في بعض الاحاين احوج وما كنت ارضي الجهل خدنا وصاحبا ولكني ارضي به حين احرج فان قال قوم ان فيه سماجة فقد صدقوا,لئنْ كنتُ محتاجاً إلى الحلمِ إنَّني ,العصر العباسي,محمد بن حازم الباهلي, لءن كنت محتاجا الي الحلم اني الي الجهل في بعض الاحاين احوج وما كنت ارضي الجهل خدنا وصاحبا ولكني ارضي به حين احرج فان قال قوم ان فيه سماجة فقد صدقوا فيما,0.968
فصحى, اسلم سلمت ولا سليم علي البلي فني الرجال ذو القوي فنيت كيف السلامة ان ارد ت سلامة والموت يطلبني ولست افوت واقيل حيث اري فلا اخفي له و يري فلا يعيا,إسلمْ سلمتَ ولا سليمَ على البلى ,العصر الجاهلي,السموأل, اسلم سلمت ولا سليم علي البلي فني الرجال ذو القوي فنيت كيف السلامة ان ارد ت سلامة والموت يطلبني ولست افوت واقيل حيث اري فلا اخفي له و يري فلا يعيا به,0.968
فصحى,  لا تساوم بين مظلوم وظالم لا تساوم حين ياتي الثار يجتاح المظالم لا تساوم بين امر اله في العدل وهاتيك المزاعم لا تساوم ايها المذبوح في الوطن المسالم انهم صبوا,من قصيدة: لا تساوم ! ,السودان,سيد أحمد الحردلو,  لا تساوم بين مظلوم وظالم لا تساوم حين ياتي الثار يجتاح المظالم لا تساوم بين امر اله في العدل وهاتيك المزاعم لا تساوم ايها المذبوح في الوطن المسالم انهم صبوا علي,0.968
فصحى, ابسمي كالورد في الفجر الصباء وابسمي كالنجم ان جن المساء واذا ما كفن الثلج الثري واذا ما ستر الغيم السماء وتعري الروض من ازهاره وتواري النور في كهف الشتاء فاحلمي بالصيف,ابسمي ,لبنان,إيليا أبو ماضي, ابسمي كالورد في الفجر الصباء وابسمي كالنجم ان جن المساء واذا ما كفن الثلج الثري واذا ما ستر الغيم السماء وتعري الروض من ازهاره وتواري النور في كهف الشتاء فاحلمي بالصيف واس,0.968
فصحى, يا مليحة الدعج هل لديك من فرج ام تراك قاتلتي بالدلال والغنج من لحسن وجهك من سوء فعلك السمج عاذلي حسبكما قد غرقت في لج ”هل علي ويحكما ان لهوت من,يا مليحة َ الدَّعجِ ,العصر الأندلسي,ابن عبد ربه, يا مليحة الدعج هل لديك من فرج ام تراك قاتلتي بالدلال والغنج من لحسن وجهك من سوء فعلك السمج عاذلي حسبكما قد غرقت في لج ”هل علي ويحكما ان لهوت من ظ,0.968
فصحى, ابصرت في عينيك نخل بلادي و قوافلا تعنو لصوت الحادي و صوامعا خضرا وقلبا ابيضا و ملاءكا يشدون بالاوراد ابصرت ,غادة  ,الجزائر,رياض بن يوسف, ابصرت في عينيك نخل بلادي و قوافلا تعنو لصوت الحادي و صوامعا خضرا وقلبا ابيضا و ملاءكا يشدون بالاوراد ابصرت �,0.951
فصحى,انت تمضي ايها المستقيم دون ان تلتفت لجمال التعرجات علي الورق انت تملك الوصول وانا املك السعة,خطوط ,العراق,عدنان الصائغ,انت تمضي ايها المستقيم دون ان تلتفت لجمال التعرجات علي الورق انت تملك الوصول وانا املك السعة لوصول وانت يا رب الهوي لا فرق بين وجهك الجميل في كل,0.563
فصحى, وليلة سامرت عيني كواكبها نادمت فيها الصبا والنوم مطرود يستنبط الراح ما تخفي النفوس وقد جادت بما منعته الكاعب الرود والراح يفتر عن در وعن ذهب فالتبر منسكب والدر معقود يا,ولَيْلَة ٍ سَامَرَتْ عَيْنِي كَوَاكِبَهَا ,العصر العباسي,ابن دريد, وليلة سامرت عيني كواكبها نادمت فيها الصبا والنوم مطرود يستنبط الراح ما تخفي النفوس وقد جادت بما منعته الكاعب الرود والراح يفتر عن در وعن ذهب فالتبر منسكب والدر معقود يا ليت,0.968
فصحى, هي الشمس مغربها في الكل ومطلعها من جيوب الحل وغصن ترشف ماء الشباب ثراه الهوي وجناه الامل تهادي لطيفة طي الوشاح وترنو ضعيفة كر المقل وتبرز خلف حجاب العفاف وتسفري تحت,هيَ الشّمسُ، مغرِبُها في الكللْ؛ ,العصر الأندلسي,ابن زيدون, هي الشمس مغربها في الكل ومطلعها من جيوب الحل وغصن ترشف ماء الشباب ثراه الهوي وجناه الامل تهادي لطيفة طي الوشاح وترنو ضعيفة كر المقل وتبرز خلف حجاب العفاف وتسفري تحت النقاب,0.968
فصحى, عديت عنك بمنطقي فعداكا وشكوت غيرك اذ رايت هواكا عرضت بالشكوي بغيرك شبهة وكنيت عنك وما اريد سواكا,عـدّيْتُ عنـك بمـنطقـي ، فـعداكَـا ,العصر العباسي,أبو نواس, عديت عنك بمنطقي فعداكا وشكوت غيرك اذ رايت هواكا عرضت بالشكوي بغيرك شبهة وكنيت عنك وما اريد سواكا وقلت قد,0.897
فصحى, فكان جوابي ان حجبت وهكذا يكون جواب المبتغي الغوث من قبر,فكان جوابي أنْ حُجبتُ وهكذا ,العصر العباسي,ابن الرومي, فكان جوابي ان حجبت وهكذا يكون جواب المبتغي الغوث من قبر وان كنت قد امنت علي كل حال فمنك اليوم في حل ومرتحل وانت امرء,0.427
فصحى, عجبت لشاعر من حي سوء ضءيل الجسم مبطان هجين,عَجِبْتُ لِشَاعِرٍ من حَيِّ سُوءٍ ,العصر الإسلامي,الأقيشر السعدي, عجبت لشاعر من حي سوء ضءيل الجسم مبطان هجين في القباءل يا عمرو بن هند اني تركت كليب كذي القرنين غير بني الاش,0.375
فصحى, اخبر النفس انما النفس كالعي دان من بين نابت وهشيم من ديار غشيتها دارسات بين قارات ضاحك فالهزيم,أخبرِ النفسِ إنما النفسُ كالعيـ ,العصر الإسلامي,عدي بن الرقاع, اخبر النفس انما النفس كالعي دان من بين نابت وهشيم من ديار غشيتها دارسات بين قارات ضاحك فالهزيم من شءبوب غ,0.853
فصحى, ابحرت فيك و قد تركت حياتي و فقدت في كهف الردي مرساتي اقتات من دهري الانين و ما اري غير الاسي و تصارع النكبات هل لي بكاس من بحورك مسكر انسي,يا شعر ,مصر,مروة دياب, ابحرت فيك و قد تركت حياتي و فقدت في كهف الردي مرساتي اقتات من دهري الانين و ما اري غير الاسي و تصارع النكبات هل لي بكاس من بحورك مسكر انسي اله,0.968
فصحى, لعمرك ما في الارض كهل مجرب ولا ناشيء الا لاثم مراهق اذا بض بالشيء القليل فانه لسوء السجايا بالتبجح فاهق ولو كان من هذي الشواهق سيد ثنته المنايا وهو بالنفس شاهق,لَعَمرُكَ! ما في الأرضِ كهلٌ مجَرَّبٌ، ,العصر العباسي,أبوالعلاء المعري, لعمرك ما في الارض كهل مجرب ولا ناشيء الا لاثم مراهق اذا بض بالشيء القليل فانه لسوء السجايا بالتبجح فاهق ولو كان من هذي الشواهق سيد ثنته المنايا وهو بالنفس شاهق علي,0.968
فصحى, يا بديع الحسن والقد به وجدي بديع يا ربيع العين الا انه مرعي منيع انا من حبيك حملت الذي لا استطيع فاذا باسمك ناديت اجابتني الدموع,يا بديع الحسن والقد ,العصر العباسي,البحتري, يا بديع الحسن والقد به وجدي بديع يا ربيع العين الا انه مرعي منيع انا من حبيك حملت الذي لا استطيع فاذا باسمك ناديت اجابتني الدموع واذا بي,0.927
فصحى, وروضة عقدت ايدي الربيع بها نورا بنور وتزويجا بتزويج بملقح من سواريها وملقحة وناتج من غواديها ومنتوج توشحت بملاة غير ملحمة من نورها ورداء غير منسوج فالبست حل الموشي زهرتها وجلتها,وروضة ٍ عقدتْ أيدي الربيع بها ,العصر الأندلسي,ابن عبد ربه, وروضة عقدت ايدي الربيع بها نورا بنور وتزويجا بتزويج بملقح من سواريها وملقحة وناتج من غواديها ومنتوج توشحت بملاة غير ملحمة من نورها ورداء غير منسوج فالبست حل الموشي زهرتها وجلتها يد,0.968
فصحى, يا عين لو اغضيت يوم النوي ما كان يوما حسنا ان يري كلفت اجفانك ما لو جري برمل يبرين شكا او جري جناية عرضت قلبي لها فاحتملي اولي بها من جني,يا عين لو أغضيتِ يومَ النوى ,العصر العباسي,مهيار الديلمي, يا عين لو اغضيت يوم النوي ما كان يوما حسنا ان يري كلفت اجفانك ما لو جري برمل يبرين شكا او جري جناية عرضت قلبي لها فاحتملي اولي بها من جني لا,0.968
فصحى, صوارمهم علقت بالكشوح مكان تماءمهم والعوذ وما يمنع الخاءفين الحمام لبس دروعهم والخوذ,صوارِمُهُم عُلّقَتْ بالكُشوحِ، ,العصر العباسي,أبوالعلاء المعري, صوارمهم علقت بالكشوح مكان تماءمهم والعوذ وما يمنع الخاءفين الحمام لبس دروعهم والخوذ وان كنت ما بين الرجال ولمتي,0.674
فصحى,تطيح الزلازل بالابنية وتهوي بها مثل كوم تراب تطير السطوح كاغطية العلب المعدنية تطير النوافذ صافقة بجناحين مثل ملاءكة تخبط غارقة في بحار الظلام تبحث عن منفذ في السداد النهور فتكسرها ثم,ألزلزال ,العراق,ليث الصندوق,تطيح الزلازل بالابنية وتهوي بها مثل كوم تراب تطير السطوح كاغطية العلب المعدنية تطير النوافذ صافقة بجناحين مثل ملاءكة تخبط غارقة في بحار الظلام تبحث عن منفذ في السداد النهور فتكسرها ثم تص,0.968
فصحى, سيدي شكرا لنعماك التي داركنا حين اعي امرنا كم تدلنا لمن نقصده وبنعماك تهذب قدرنا,سيدي شكراً لنعماك التي ,العصر الأندلسي,ابن نباتة المصري, سيدي شكرا لنعماك التي داركنا حين اعي امرنا كم تدلنا لمن نقصده وبنعماك تهذب قدرنا منا فنحن نري,0.828
فصحى, سقني الاسكركع الصن بر في جعضلفونه واجعل الفيجن في الاف واه منه بغضونه انه مصفاة اعلا ه وعطر لبطونه وليكن من صنعة الكو في غريد زبونه واطبخ الدباء والحي راب لونا,سَقِّني الأسكركع الصِّنْ ,العصر العباسي,ابن الرومي, سقني الاسكركع الصن بر في جعضلفونه واجعل الفيجن في الاف واه منه بغضونه انه مصفاة اعلا ه وعطر لبطونه وليكن من صنعة الكو في غريد زبونه واطبخ الدباء والحي راب لونا وش,0.968
فصحى, حمدت الهي اني لم اجدكما عن الجوع ماوي او من الخوف مهربا ضبيبان جحليان في امن الكدي اذا ما احسا حارش اليل ذنبا تباعدت حتي عيرا بي بعدما تقربت حتي عيرا,حَمِدْتُ إلَهِي أَنَّنِي لَمْ أَجِدْكُمَا ,العصر الإسلامي,الحطيئة, حمدت الهي اني لم اجدكما عن الجوع ماوي او من الخوف مهربا ضبيبان جحليان في امن الكدي اذا ما احسا حارش اليل ذنبا تباعدت حتي عيرا بي بعدما تقربت حتي عيرا الي,0.968
فصحى, بحب المصطفي المختار قلبي مغرم مغري وحب علي الفاروق والسبطين والزهرا وحب ابي الحسين امام ال المصطفي طرا هم ذخري اذا مستني الباساء والضرا وهم عوني في الاولي وهم غوثي في,بحب المصطفى المختار قلبي مغرم مغرى ,العصر الأندلسي,الهبل, بحب المصطفي المختار قلبي مغرم مغري وحب علي الفاروق والسبطين والزهرا وحب ابي الحسين امام ال المصطفي طرا هم ذخري اذا مستني الباساء والضرا وهم عوني في الاولي وهم غوثي في الاخري,0.968
فصحى, وجدت ابن ادم في غرة بما يستفيد وما يطرف تعلق دنياه قبل الفطام وما زال يداب حتي خرف وتسمو لطارفها عينه وخير لناظرها لو طرف يسر بها عصر اقبالها كان تغيرها,وجدتُ ابنَ آدَمَ في غِرّةٍ، ,العصر العباسي,أبوالعلاء المعري, وجدت ابن ادم في غرة بما يستفيد وما يطرف تعلق دنياه قبل الفطام وما زال يداب حتي خرف وتسمو لطارفها عينه وخير لناظرها لو طرف يسر بها عصر اقبالها كان تغيرها ما,0.968
فصحى,الطويل الا من لقلب لا يبل غليله وناظر عين لا تجف دموعه خليلي هلا تسعدان متيما يري كل يوم في النوي ما يروعه نات دار احبابي وشط مزارها فبان عن الجفن القريح,الا من لقلب لا يبل غليله ,العراق,محمد حسن أبو المحاسن,الطويل الا من لقلب لا يبل غليله وناظر عين لا تجف دموعه خليلي هلا تسعدان متيما يري كل يوم في النوي ما يروعه نات دار احبابي وشط مزارها فبان عن الجفن القريح ف,0.968
فصحى,قيثارة في الصبح ترفع وجهك الشفاف‏ يغتسل المدي بجناح عصفور من الفيروز‏ ينتظر الحبيب ظلال انثاه لتملا راحتيه‏ بالندي‏ والذكريات تسيل حنجرة مشرعة لعزف الماء في جسد الصدي‏ شمس تمد عباءة الايقاع,قيثارة الفجر والجسد ,سوريا,علاء الدين عبد المولى,قيثارة في الصبح ترفع وجهك الشفاف‏ يغتسل المدي بجناح عصفور من الفيروز‏ ينتظر الحبيب ظلال انثاه لتملا راحتيه‏ بالندي‏ والذكريات تسيل حنجرة مشرعة لعزف الماء في جسد الصدي‏ شمس تمد عباءة الايقاع الب�,0.968
فصحى, علام تصب في اذني وقحك وتشهر حين تلقاني سلاحك اتوصد باب قلبك عن وفاءي وتفتح لرياح الهوج ساحك لقد خدعتك خاءنة اليالي وسامك من اهانك واستباحك وغرنك المطامع حين اوحت اليك,خائنة الليالي ,السعودية,أحمد سالم باعطب, علام تصب في اذني وقحك وتشهر حين تلقاني سلاحك اتوصد باب قلبك عن وفاءي وتفتح لرياح الهوج ساحك لقد خدعتك خاءنة اليالي وسامك من اهانك واستباحك وغرنك المطامع حين اوحت اليك بانك,0.968
فصحى, ازرع المعروف حزنا وسهلا واحصد الكفار سبيا وقتلا واقتض الرحمن فتحا قريبا كلما جل تناهي اجلا كفء ما اوليت حمدا وشكرا وصدقت اله قولا وفعلا وعمت الخلق عرفا وجودا وسعت الارض,إزرع المعروف حزنا وسهلا ,العصر الأندلسي,ابن دارج القسطلي, ازرع المعروف حزنا وسهلا واحصد الكفار سبيا وقتلا واقتض الرحمن فتحا قريبا كلما جل تناهي اجلا كفء ما اوليت حمدا وشكرا وصدقت اله قولا وفعلا وعمت الخلق عرفا وجودا وسعت الارض فضلا,0.968
فصحى,اناي اليك اذا ما الموت ‏ باغت حلمي النامي علي شفة المساء اناي اليك مسافرا كالريح تبحث عن نوافذ لا تطل علي الفناء اناي اليك الان والمدي ساحات حرب واحتراق ودماء ,أنأى اليك الآن ,فلسطين,منذر أبو حلتم,اناي اليك اذا ما الموت ‏ باغت حلمي النامي علي شفة المساء اناي اليك مسافرا كالريح تبحث عن نوافذ لا تطل علي الفناء اناي اليك الان والمدي ساحات حرب واحتراق ودماء �,0.967
فصحى, لا تمدحن فتي ترجو نوافله ولا تزر غيره ما عاش عباد اذا ترحل اقوام اجرتهم عادت اليك بما يثنون عواد الست غيث حيا لناس ماطره وكل غيث له في الارض رواد,لا تمدحن فتى ترجو نوافله ,العصر الإسلامي,الفرزدق, لا تمدحن فتي ترجو نوافله ولا تزر غيره ما عاش عباد اذا ترحل اقوام اجرتهم عادت اليك بما يثنون عواد الست غيث حيا لناس ماطره وكل غيث له في الارض رواد ل�,0.968
فصحى, ولي شبابك لم نعم بنضرته ولم نفز من تمنينا بمامول فما ادكار عهود منك ما ظفرت فيها الاماني بوعد غير مطول ايام تعصف بالاحشاء دامية بناظر من بقايا السحر مكحول وتستطيل,ولَّى شبابك لم ننعم بنضرته ,مصر,زكي مبارك, ولي شبابك لم نعم بنضرته ولم نفز من تمنينا بمامول فما ادكار عهود منك ما ظفرت فيها الاماني بوعد غير مطول ايام تعصف بالاحشاء دامية بناظر من بقايا السحر مكحول وتستطيل علي,0.968
فصحى, قلت يوما لرقاشي وقد سب الموالي ما الذي نحاك عن اص لك من عم وخال قال لي قد كنت مولي زمنا ثم بدا لي انا بالبصرة مولي عربي بالجبال انا حقا,قلتُ يوماً للرّقاشـيَ ، ,العصر العباسي,أبو نواس, قلت يوما لرقاشي وقد سب الموالي ما الذي نحاك عن اص لك من عم وخال قال لي قد كنت مولي زمنا ثم بدا لي انا بالبصرة مولي عربي بالجبال انا حقا مسلم,0.968
فصحى,لماذا احبك وهل تسال الارض لماذا تحب الشجر وهل تسال الاغنيات لماذا تراقص عزف الوتر وهل يسال العاشقون لماذا السهر وهل تسال الشمس لماذا تكحل بالضوء عين القمر وكيف احبك احبك جدول,لماذا … وكيف ؟!  ,فلسطين,زينب حبش,لماذا احبك وهل تسال الارض لماذا تحب الشجر وهل تسال الاغنيات لماذا تراقص عزف الوتر وهل يسال العاشقون لماذا السهر وهل تسال الشمس لماذا تكحل بالضوء عين القمر وكيف احبك احبك جدول ماء,0.968
فصحى, اهبط الي الارض فخذ جلمدا ثم ارمهم يا مزن بالجلمد لا تسقهم من سبل قطرة فانهم حرب بني احمد اشاقتك المنازل اشاقتك المنزل بعد هند وتربيها وذات الدل دعد منازل اقفرت,اهبط إلى الأرض فخذ جلمدا ,العصر العباسي,السيد الحميري, اهبط الي الارض فخذ جلمدا ثم ارمهم يا مزن بالجلمد لا تسقهم من سبل قطرة فانهم حرب بني احمد اشاقتك المنازل اشاقتك المنزل بعد هند وتربيها وذات الدل دعد منازل اقفرت قبل,0.968
فصحى,  لم اجد من اشكو له لا تديروا ظهوركم له لا تودعوه فهو يعرفكم واحدا واحدا يحفر اسماء زواره سجلات الامواج اعرفه كنت اطل كل صباح ندي القي السلام عليه عليه,سجلاّت البحر الميّت ,فلسطين,عزالدين المناصرة,  لم اجد من اشكو له لا تديروا ظهوركم له لا تودعوه فهو يعرفكم واحدا واحدا يحفر اسماء زواره سجلات الامواج اعرفه كنت اطل كل صباح ندي القي السلام عليه عليه كما,0.968
فصحى, انفرط العقد ويا حسنه حباته تجري كقطر الندي لا انفراط العقد الذي ضمكم وليك ذاك العقد نعم الفدي اما التي قلده جيدها وحبذا الجيد وما قلدا لو ان شيءا زاءلا حسنه,انفرط العقد ويا حسنه ,لبنان,جبران خليل جبران, انفرط العقد ويا حسنه حباته تجري كقطر الندي لا انفراط العقد الذي ضمكم وليك ذاك العقد نعم الفدي اما التي قلده جيدها وحبذا الجيد وما قلدا لو ان شيءا زاءلا حسنه لكن,0.968
فصحى,ستعودين من حدود الكتابة يا عصافير عمرنا المستابة مثل غيم علي السماء مطل ينهض الان في نشيج سحابة كلما هز عاشق شجر الروح واساقطت بنت غابة فتذوبين خفقة من نعاس وتغنين في,إليها ,سوريا,عيسى الشيخ حسن,ستعودين من حدود الكتابة يا عصافير عمرنا المستابة مثل غيم علي السماء مطل ينهض الان في نشيج سحابة كلما هز عاشق شجر الروح واساقطت بنت غابة فتذوبين خفقة من نعاس وتغنين في خ,0.968
فصحى,عينان زرقاوان ينعس فيهما لون الغدير ارنو فينساب الخيال و ينصب القلب الكسير و اغيب في نغم يذوب و في غماءم من عبير بيضاء مكسال التلوي تستفيق علي خرير ناء يموت و,عينان زرقاوان ,العراق,بدر شاكر السياب,عينان زرقاوان ينعس فيهما لون الغدير ارنو فينساب الخيال و ينصب القلب الكسير و اغيب في نغم يذوب و في غماءم من عبير بيضاء مكسال التلوي تستفيق علي خرير ناء يموت و ان,0.968
فصحى, سبتني صفات السكري الذي حكي بضاعته حتي عدمت قراري مكر لفظ في ثنيات مبسم واحمر خد في نبات عذار,سبتني صفات السكريّ الذي حكى ,العصر الأندلسي,ابن نباتة المصري, سبتني صفات السكري الذي حكي بضاعته حتي عدمت قراري مكر لفظ في ثنيات مبسم واحمر خد في نبات عذاره فنيت منه علي,0.813
فصحى,في طريق اليل ضاع الحادث الثاني وضاعت زهرة الصبار لا تسل عني لماذا جنتي في النار جنتي في النار فالهوي اسرار والذي بغضي علي جمر الغضا اسرار يا الذي تطفي الهوي بالصبر,المساورة أمام الباب الثاني ,العراق,مظفر النواب,في طريق اليل ضاع الحادث الثاني وضاعت زهرة الصبار لا تسل عني لماذا جنتي في النار جنتي في النار فالهوي اسرار والذي بغضي علي جمر الغضا اسرار يا الذي تطفي الهوي بالصبر والس,0.968
فصحى, يا سلم ذات الوضح العذاب وربة المعصم ذي الخضاب والكفل الرجراج في الحقاب والفاحم الاسود كالغراب بحق تلك القبل الطياب بعد التجني منك والعتاب الا كشفت اليوم عني ما بي جاء,يا سلمَ ذات الوضحِ العذابِ ,العصر العباسي,دعبل  الخزاعي, يا سلم ذات الوضح العذاب وربة المعصم ذي الخضاب والكفل الرجراج في الحقاب والفاحم الاسود كالغراب بحق تلك القبل الطياب بعد التجني منك والعتاب الا كشفت اليوم عني ما بي جاء بها,0.968
فصحى,كلما لسعته الشمس في بركة من عرق طابور مدج بوردة الانتظار الماهر حلم بصباح معم بغمامة كاهن يرعي قطعان النسيم بيد من هواء في الان الذي يهب بيد معدنية اقراص الشمس لحوت,أقراص الشمس ,السعودية,محمد الحارثي,كلما لسعته الشمس في بركة من عرق طابور مدج بوردة الانتظار الماهر حلم بصباح معم بغمامة كاهن يرعي قطعان النسيم بيد من هواء في الان الذي يهب بيد معدنية اقراص الشمس لحوت بعد,0.968
فصحى, العيد اقبل باسم الثغر ومناه ان تحيا مدي الدهر حتي تعيش بغبطة ابدا ويعد من ايامك الغر فاهنا به واسعد بطالعه ماضي العزيمة نافذ الامر وافاك يحمل في بشاءره ما شءت,العيدُ أقبَلَ باسِمَ الثغر ,مصر,مصطفى لطفي المنفلوطي, العيد اقبل باسم الثغر ومناه ان تحيا مدي الدهر حتي تعيش بغبطة ابدا ويعد من ايامك الغر فاهنا به واسعد بطالعه ماضي العزيمة نافذ الامر وافاك يحمل في بشاءره ما شءت عن,0.968
فصحى, يا حبيبا سلا ولم اسل عنه انت تستحسن الوفاء فكنه ت فاكرمه يبتدي او اهنه,يا حَبيباً سَلا، ولم أسلُ عَنهُ، ,العصر العباسي,ابن المعتز, يا حبيبا سلا ولم اسل عنه انت تستحسن الوفاء فكنه ت فاكرمه يبتدي او اهنه ابغضه واحسرتي لك انه لي ع,0.706
فصحى, يا ضوء عيناي فدا الفحيح هبا وارسم لي الموت الي لقياك دربا الضوء ديني ديدني الموت فاهلا ها هيذي فاتحة الفحيح تلي اعوذ بالموت من العيش الذليل باسمك يا موت اصلي,فاتحة للفحيح ,فلسطين,تركي عامر, يا ضوء عيناي فدا الفحيح هبا وارسم لي الموت الي لقياك دربا الضوء ديني ديدني الموت فاهلا ها هيذي فاتحة الفحيح تلي اعوذ بالموت من العيش الذليل باسمك يا موت اصلي علي,0.968
فصحى, اني اقمت لدين اله انصره والنصر منه كما قد جاء في الكتب لاني حاتمي الاصل ذو كرم من طيء عربي عن اب فاب ورتبتي في الالاهيات يعلمها ما نالها احد قبلي,إني أقمت لدينِ الله أنصره ,العصر العباسي,محيي الدين  بن عربي, اني اقمت لدين اله انصره والنصر منه كما قد جاء في الكتب لاني حاتمي الاصل ذو كرم من طيء عربي عن اب فاب ورتبتي في الالاهيات يعلمها ما نالها احد قبلي وليس,0.968
فصحى, يا ايها العالي الغفور الصفوح هل ترحم القمة ضعف السفوح تاجك في النور غريق وفي عرشك غبي كل نجم صدوح واين هامات الربي نكست من هامة فوق منيف الصروح واين اوراق,القمة ,مصر,إبراهيم ناجي, يا ايها العالي الغفور الصفوح هل ترحم القمة ضعف السفوح تاجك في النور غريق وفي عرشك غبي كل نجم صدوح واين هامات الربي نكست من هامة فوق منيف الصروح واين اوراق الربيع,0.968
فصحى, ما في نفاق ابي سفيان مختلف قد كان اوفي قريش لنبي اذي وكان راس العمي في جاهليته فصار في مقلة الدين الحنيف قذي,ما في نفاقِ أبي سفيانَ مختلفٌ ,العصر العباسي,ابن عنين, ما في نفاق ابي سفيان مختلف قد كان اوفي قريش لنبي اذي وكان راس العمي في جاهليته فصار في مقلة الدين الحنيف قذي لولا امير,0.918
فصحى, سلم اله علي من جاءنا منه السلام وسقي عهد حبيب لا اسميه الغمام انا ان مت بفرط ال حب فيه لا الام ما يقول الناس عني انا صب مستهام عاذلي ان,سلمَ اللهُ على منْ ,العصر العباسي,بهاء الدين زهير, سلم اله علي من جاءنا منه السلام وسقي عهد حبيب لا اسميه الغمام انا ان مت بفرط ال حب فيه لا الام ما يقول الناس عني انا صب مستهام عاذلي ان هجر,0.968
فصحى, نري عظما بالبين والصد اعظم ونتهم الواشين والدمع منهم ومن لبه مع غيره كيف حاله ومن سره في جفنه كيف يكتم ولما التقينا والنوي ورقيبنا غفولان عنا ظلت ابكي وتبسم فلم,نرى عظما بالبين والصد أعظم ,العصر العباسي,المتنبي, نري عظما بالبين والصد اعظم ونتهم الواشين والدمع منهم ومن لبه مع غيره كيف حاله ومن سره في جفنه كيف يكتم ولما التقينا والنوي ورقيبنا غفولان عنا ظلت ابكي وتبسم فلم ار,0.968
فصحى, بكرت هيما تحل الربطا تملك الماء علي سرب القطا تحسب الاخفاف في اجنحة طرن والجرجار منها الغطا كل هوجاء تري في حبلها من ابان منكبا منخرطا تصف المعقول منها ماردا غل,بكرتْ هيماً تحلُّ الرَّبطا ,العصر العباسي,مهيار الديلمي, بكرت هيما تحل الربطا تملك الماء علي سرب القطا تحسب الاخفاف في اجنحة طرن والجرجار منها الغطا كل هوجاء تري في حبلها من ابان منكبا منخرطا تصف المعقول منها ماردا غل ,0.968
فصحى, كم قد افضنا من دموع ودما علي رسوم لديار ودمن وكم قضينا لبكاء منسكا لما تذكرنا بهن من سكن معاهدا تحدث لصبر فنا ان ناحت الورق بها علي فن تذكارها احدث,كَم قد أفَضنا من دموعٍ ودَماً ,العصر الأندلسي,صفي الدين الحلي, كم قد افضنا من دموع ودما علي رسوم لديار ودمن وكم قضينا لبكاء منسكا لما تذكرنا بهن من سكن معاهدا تحدث لصبر فنا ان ناحت الورق بها علي فن تذكارها احدثت,0.967
فصحى, مدمع من اعين المزن سفح وحمام بذري الايك صدح فاجتن الذة في روض المني بين ريحان وراح تصطبح و سماء نضحت خد الثري بدموع اسبلتها فانتضح و كان البرق في ارجاءها,مَدْمعٌ من أعينِ المُزْنِ سَفَحْ ,العصر الأندلسي,ابن الزقاق البلنسي, مدمع من اعين المزن سفح وحمام بذري الايك صدح فاجتن الذة في روض المني بين ريحان وراح تصطبح و سماء نضحت خد الثري بدموع اسبلتها فانتضح و كان البرق في ارجاءها قمر,0.968
فصحى, اناديك لو رد النداء رميم وابكيك لو اجدي عليك سجيم وهل يحفل الميت الذي غاله الردي سلاه خليل ام بكاه حميم ويا ليت لي دمعا عليك اريقه ولكن جفني يا اخي,أناديك لو رد النداء رميم ,مصر,إبراهيم عبد القادر المازني, اناديك لو رد النداء رميم وابكيك لو اجدي عليك سجيم وهل يحفل الميت الذي غاله الردي سلاه خليل ام بكاه حميم ويا ليت لي دمعا عليك اريقه ولكن جفني يا اخي عق,0.968
فصحى, وخطة من بيوت الحي زرت بها بيضا يهز الصبا منهن اعطافا هيفا تخف اذا حاولن منتهضا خصورهن ويستثقلن اردافا وهن يبسمن عن غر كشفن بها عن الاليء لراءين اصدافا ويرتمين بنبل,وَخُطَّة ٍ مِنْ بيوتِ الحَيِّ زُرْتُ بِها ,العصر العباسي,الأبيوردي, وخطة من بيوت الحي زرت بها بيضا يهز الصبا منهن اعطافا هيفا تخف اذا حاولن منتهضا خصورهن ويستثقلن اردافا وهن يبسمن عن غر كشفن بها عن الاليء لراءين اصدافا ويرتمين بنبل الغ,0.968
فصحى, لو كنت يا من يلومني عادل ما كنت فيمن هويته عاذل,لو كنت يا من يلومني عادل ,العصر العباسي,ابن النبيه, لو كنت يا من يلومني عادل ما كنت فيمن هويته عاذل ولا زلت ذا عزم كحد المشرفي الصاقل قد كان في قلبي معذب حبكم حتي است,0.41
فصحى, اعالج قلبا في هواكم معذبا واصبو اليكم كلما هبت الصبا واطوي علي حر الغرام جوانحا تلهب في نيران وجدي تلهبا يءنبني الاحون فيك ولم اكن لاسمع في الحب العذول المءنبا وارقني,أُعالجُ قلباً في هواكم معذَّبا ,العصر الأندلسي,عبد الغفار الأخرس, اعالج قلبا في هواكم معذبا واصبو اليكم كلما هبت الصبا واطوي علي حر الغرام جوانحا تلهب في نيران وجدي تلهبا يءنبني الاحون فيك ولم اكن لاسمع في الحب العذول المءنبا وارقني من,0.968
فصحى, لا تعذليه فان العذل يولعه قد قلت حقا ولكن ليس يسمعه جاوزت في نصحه حدا اضربه من حيث قدرت ان النصح ينفعه فاستعملي الرفق في تانيبه بدلا من عذله فهو مضني,لا تعذليه فإن العذل يولعه ,العصر العباسي,ابن زريق البغدادي, لا تعذليه فان العذل يولعه قد قلت حقا ولكن ليس يسمعه جاوزت في نصحه حدا اضربه من حيث قدرت ان النصح ينفعه فاستعملي الرفق في تانيبه بدلا من عذله فهو مضني النفس,0.968
فصحى, لاني احبك فوق المحال اذوب في حبك القافية و حبي اليك شديد الوصال يسير بانغامه الشادية تموج السواقي بوجد الزلال و تسكر في قطفنا الدالية لاني شرابك عند الجفاف ساتي بانفاسي,لأني أحبكَ ,العراق,صباح الحكيم, لاني احبك فوق المحال اذوب في حبك القافية و حبي اليك شديد الوصال يسير بانغامه الشادية تموج السواقي بوجد الزلال و تسكر في قطفنا الدالية لاني شرابك عند الجفاف ساتي بانفاسي لك,0.968
فصحى,رهيب ان يسوقني الفكر الي منعطف الحياة ان انساب مع الرءي لاطل علي تلال الواقع النتنة ان تقودنا الاحلام لنيل المطالب ب ,على هامش الرؤى ,سوريا,غادة السمان,رهيب ان يسوقني الفكر الي منعطف الحياة ان انساب مع الرءي لاطل علي تلال الواقع النتنة ان تقودنا الاحلام لنيل المطالب ب يء,0.953
فصحى, ما في الملاغز من جدوي لمن عقلا فلا تكن يا فتي بالغز مشتغلا لولا مراعاة اهل العلم ما رقمت يدي جوابا لمن بالغز قد سالا لكنه صيقل يجلو الصدي فاذا عرفته,ما في الملاغز من جدوى لمن   عقلا ,عمان,ابن شيخان السالمي, ما في الملاغز من جدوي لمن عقلا فلا تكن يا فتي بالغز مشتغلا لولا مراعاة اهل العلم ما رقمت يدي جوابا لمن بالغز قد سالا لكنه صيقل يجلو الصدي فاذا عرفته رايت,0.968
فصحى, تبا لتغلب ان تساق نساءهم سوق الاماء الي المواسم عطلا لحقت اواءل خيلنا سرعانهم حتي اسرن علي الحبي مهلهلا انا مهلهل ما تطيش رماحنا ايام تنقف في يديك الحنظلا ولت حماتك,تباً لتغلب أن تساق نساؤهم ,العصر الجاهلي,زهير بن جَناب الكلبي, تبا لتغلب ان تساق نساءهم سوق الاماء الي المواسم عطلا لحقت اواءل خيلنا سرعانهم حتي اسرن علي الحبي مهلهلا انا مهلهل ما تطيش رماحنا ايام تنقف في يديك الحنظلا ولت حماتك الغر,0.968
فصحى,العام السادس عشر ,العام السادس عشر ,مصر,أحمد عبدالمعطي حجازي,العام السادس عشر يءن في زحمة السءال وفي زورة الملاءك المحزونة ماذا يفعل الرجل الذي لم يات من هناك ولم يصل الي,0.0
فصحى, يا ايها السيد الذي طهرت به من المنكرات بغداذ ومن غدا وهو لخباءث تر اك ولطيبات اخاذ مبارك في يديه لمال اه لاك ولهالكين انقاذ اعوذ من عسرتي بيسرك وال احرار,يا أيها السيد الذي طَهُرت ,العصر العباسي,ابن الرومي, يا ايها السيد الذي طهرت به من المنكرات بغداذ ومن غدا وهو لخباءث تر اك ولطيبات اخاذ مبارك في يديه لمال اه لاك ولهالكين انقاذ اعوذ من عسرتي بيسرك وال احرار لا,0.968
فصحى, و ان يرجع النعمان نفرح ونبتهج ويات معدا ملكها وربيعها ويرجع الي غسان ملك وسءد و تلك المني لو انا نستطيعها وان يهلك النعمان تعر مطيه و يلق الي جنب الفناء,و إنْ يرجعِ النعمانُ نفرحْ ونبتهجْ ، ,العصر الجاهلي,النابغة الذبياني, و ان يرجع النعمان نفرح ونبتهج ويات معدا ملكها وربيعها ويرجع الي غسان ملك وسءد و تلك المني لو انا نستطيعها وان يهلك النعمان تعر مطيه و يلق الي جنب الفناء مق,0.968
فصحى,لا شيء في كفي لاحمله فلا تحرج اقانيمي ,خطاب حضاري ,فلسطين,سلمان فراج,لا شيء في كفي لاحمله فلا تحرج اقانيمي اريحيني يا ابنة الحسن احذني واري كيف شءت واحمل هذا الدفتر لا,0.347
فصحى, التذ بالجرح لياتيني صوتك بالطيب فيشفيني فطمت عيني فلا تفطمي سمعي فهمس منك يكفيني غنيت لحب ولا جنحة بعض الهوي من عبق الدين فيا عفافا رتلت بوحه مءذنة الروح اجيبيني ما,رضيت بالحال التي بيننا ,العراق,يحيى السماوي, التذ بالجرح لياتيني صوتك بالطيب فيشفيني فطمت عيني فلا تفطمي سمعي فهمس منك يكفيني غنيت لحب ولا جنحة بعض الهوي من عبق الدين فيا عفافا رتلت بوحه مءذنة الروح اجيبيني ما كان,0.968
فصحى,اسمي جسمي المفتوح لشمس اسميه الغد الاتي واكتبه علي قيثارة العرس تفاجءك الزنابق في محاجرها انشطار الحلم بين الجفن والسكين دخول الاه في الشريان والشريان مذبوح تعد اصابع الاطفال تغرق في تشابها,إلى شهداء صبرا وشاتيلا ,لبنان,طلعت سقيرق,اسمي جسمي المفتوح لشمس اسميه الغد الاتي واكتبه علي قيثارة العرس تفاجءك الزنابق في محاجرها انشطار الحلم بين الجفن والسكين دخول الاه في الشريان والشريان مذبوح تعد اصابع الاطفال تغرق في تشابها ما,0.968
فصحى, اءمل في حبه شربة من الحوض تجمع امنا وريا اذا ما وردنا غدا حوضه فادني السعيد وذاد الشقيا متي يدن مولاه منه يقل رد الحوض واشرب هنيا مريا وان يدن منه,اؤمل في حبه شربة ,العصر العباسي,السيد الحميري, اءمل في حبه شربة من الحوض تجمع امنا وريا اذا ما وردنا غدا حوضه فادني السعيد وذاد الشقيا متي يدن مولاه منه يقل رد الحوض واشرب هنيا مريا وان يدن منه تقول,0.968
فصحى, لقد ظلم القمري اذ ناح باكيا وليس له من مثل ما ذقته ذوق فها انا ذو شوق ولا طوق لي به وها هو ذو طوق وليس له شوق,لقد ظَلَم القمريُّ إذ نـاحَ باكيـاً ,العصر العباسي,الباخرزي, لقد ظلم القمري اذ ناح باكيا وليس له من مثل ما ذقته ذوق فها انا ذو شوق ولا طوق لي به وها هو ذو طوق وليس له شوق فان,0.965
فصحى, عذل العواذل حول قلبي التاءه وهوي الاحبة منه في سوداءه يشكو الملام الي الواءم حره ويصد حين يلمن عن برحاءه وبمهجتي يا عاذلي الملك الذي اسخطت اعذل منك في ارضاءه ان,عذل العواذل حول قلبي التائه ,العصر العباسي,المتنبي, عذل العواذل حول قلبي التاءه وهوي الاحبة منه في سوداءه يشكو الملام الي الواءم حره ويصد حين يلمن عن برحاءه وبمهجتي يا عاذلي الملك الذي اسخطت اعذل منك في ارضاءه ان الامير,0.968
فصحى, قف علي ايمن الحمي كوقوفي وتامل بطرفك المطروف فالكل انت وانت هو والهو غدا فلكا لشمسك كسفت بالظهور شمسي فما كا نت صلاتي الا صلاة الكسوف فالي متي تبقي كذا يا,قف على أيمن الحمى كوقوفي ,سوريا,عبد الغني النابلسي, قف علي ايمن الحمي كوقوفي وتامل بطرفك المطروف فالكل انت وانت هو والهو غدا فلكا لشمسك كسفت بالظهور شمسي فما كا نت صلاتي الا صلاة الكسوف فالي متي تبقي كذا يا صاحبي,0.968
فصحى,- فصل اول - ,هكذا قلتُ لها كلَّ شيء ,العراق,عدنان الصائغ,- فصل اول - يالاءمة من غير ترة ولا حرج واذن اهل البيت في كل حجة لها منهم فضل علي الخلق والامر اتانا رسول,0.098
فصحى, وتطل كالحسناء من شرفاتها والهام يشمخ عاليا بالغار ظلت تغازل عاشقيها فاكتوت في لحظة - حمقي - بلفحة نار حتي استحالت كالرماد فجمعت اشلاءها وتجملت بالعار,روما ,الجزائر,عزالدين مهيوبي, وتطل كالحسناء من شرفاتها والهام يشمخ عاليا بالغار ظلت تغازل عاشقيها فاكتوت في لحظة - حمقي - بلفحة نار حتي استحالت كالرماد فجمعت اشلاءها وتجملت بالعار قالت,0.962
فصحى, هذي المفاخر في تباينها مجموعة لم يحوها قصر في كل موقع لحظة عجب يصطاد منه الذة الفكر تحف من الفن الرفيع يري في كل ناحية بها سحر فيها افانين الرواءع من,هذي المفاخر في تباينها ,لبنان,جبران خليل جبران, هذي المفاخر في تباينها مجموعة لم يحوها قصر في كل موقع لحظة عجب يصطاد منه الذة الفكر تحف من الفن الرفيع يري في كل ناحية بها سحر فيها افانين الرواءع من سني,0.968
فصحى, يا دار مية بالجرعاء حياك صوب الحيا الراءح الغادي واحياك ولا اغبك من دمعي سواجمه ان كان يرضيك ريا مدمعي الباكي سقيا ورعيا لايام قضيت بها عيش الشبيبة في اكناف مرعاك,يا دارَ ميَّة بالجرعاءِ حيَّاك ,السعودية,ابن معصوم المدني, يا دار مية بالجرعاء حياك صوب الحيا الراءح الغادي واحياك ولا اغبك من دمعي سواجمه ان كان يرضيك ريا مدمعي الباكي سقيا ورعيا لايام قضيت بها عيش الشبيبة في اكناف مرعاك و,0.968
فصحى, وبلدة فيها زور صعراء تخطي في صعر مرت اذا الذءب اقتفر بها من القوم الاثر كان له من الجزر كل جنين ما اشتكر ولا تعلاه شعر ميت النسا حي الشفر عسفتها,وبـلـدة ٍ فـيـهـا زَوَرْ، ,العصر العباسي,أبو نواس, وبلدة فيها زور صعراء تخطي في صعر مرت اذا الذءب اقتفر بها من القوم الاثر كان له من الجزر كل جنين ما اشتكر ولا تعلاه شعر ميت النسا حي الشفر عسفتها ف,0.968
فصحى, مواساة شعرية بعد ان اعلن المكتب الصحافي في البيت الابيض وفاة كلبة الرءيس الامريكي الراحلة ,الكلبة الراحلة ,السعودية,عبدالرحمن العشماوي, مواساة شعرية بعد ان اعلن المكتب الصحافي في البيت الابيض وفاة كلبة الرءيس الامريكي الراحلة مهيار و صلاح الدين ابو العلاء مات صديق الشاعر عبد,0.591
فصحى, احس كان الدهر عمري واني اخو مغرق الارضين بالفيضان اقلب طرفي في السماء كطرفه وارصد ما راعاه قبل زماني كلانا علي بعد المسافة بينا تلاقي علي الحاظه القمران واقرا في صحف,أحس كأن الدهر عمري وأنني ,مصر,إبراهيم عبد القادر المازني, احس كان الدهر عمري واني اخو مغرق الارضين بالفيضان اقلب طرفي في السماء كطرفه وارصد ما راعاه قبل زماني كلانا علي بعد المسافة بينا تلاقي علي الحاظه القمران واقرا في صحف الزمان,0.968
فصحى, بوركتم يا اهل ذاك المنزل,بوركتمُ  يا  أهل  ذاك المنزلِ ,عمان,ابن شيخان السالمي, بوركتم يا اهل ذاك المنزل الرفيع الشان حتي غدت في كل ارض معرسا بين الخدور النضرات يءمون من طيبة او مكة والمقام والبيت الحرام,0.186
فصحى, لي حيلة في من ينم وليس في الكذاب حيله من كان يحلف ما يقو ل فحيلتي فيه قليله,لي حيلة ٌ في من ينمُّ ,العصر العباسي,بشار بن برد, لي حيلة في من ينم وليس في الكذاب حيله من كان يحلف ما يقو ل فحيلتي فيه قليله لا تعجل بي فلست,0.813
فصحى, قد ارتدي ذيل الظلام الاشيب والصبح مثل الماء تحت الطحلب باجرد ملء الحزام سلهب مختبر كالبطل المجرب مثقل الكف باز اشهب منتصب القامة سامي المكنب غليظ خط الجءجء المنكب ذي عنق,قد ارتدى ذَيلَ الظّلامِ الأشيَبِ، ,العصر الأندلسي,صفي الدين الحلي, قد ارتدي ذيل الظلام الاشيب والصبح مثل الماء تحت الطحلب باجرد ملء الحزام سلهب مختبر كالبطل المجرب مثقل الكف باز اشهب منتصب القامة سامي المكنب غليظ خط الجءجء المنكب ذي عنق ريان,0.968
فصحى, لاشكرن اهتماما منك يذكرني في البعد حتي كاني مصقب الدار بعدت عنه فما انكرت خلته مع التناءي وكم انكرت من جار,لأشكرن اهتماماً منك يذكرني ,العصر العباسي,أسامة بن منقذ, لاشكرن اهتماما منك يذكرني في البعد حتي كاني مصقب الدار بعدت عنه فما انكرت خلته مع التناءي وكم انكرت من جارتين,0.951
فصحى, و صافي الولا والجسم مقتبل الرضا عرين قد امنت بيني وبينه توثق شخصي في العناق بشخصه فما تدخل الاثواب بيني وبينه,و صافي الولا والجسم مقتبل الرضا ,العصر الأندلسي,ابن نباتة المصري, و صافي الولا والجسم مقتبل الرضا عرين قد امنت بيني وبينه توثق شخصي في العناق بشخصه فما تدخل الاثواب بيني وبينه ولا يدخل الاحشاء,0.872
فصحى, واني بريء من اخي وانتسابه الي اذا الفيت في طبعه بخلا فان لم تكن بالطبع نفسي كريمة وان كرم الاباء لم اره فضلا,وإنِّي بريءٌ من أَخي وانتسابِهِ ,العصر العباسي,ديك الجن, واني بريء من اخي وانتسابه الي اذا الفيت في طبعه بخلا فان لم تكن بالطبع نفسي كريمة وان كرم الاباء لم اره فضلا علي غيرتي فلم ا,0.849
فصحى, ضارب في الخيال ملق عنانه ملك الوحي قلبه و لسانه مستفيض الجمال ازهر كالور د اذا اكل الندي افنانه عاش بين الانام نضو غرام لم ينفض من الصبا من طيلسانه ملا,الفنّ الجميل ,مصر,علي محمود طه, ضارب في الخيال ملق عنانه ملك الوحي قلبه و لسانه مستفيض الجمال ازهر كالور د اذا اكل الندي افنانه عاش بين الانام نضو غرام لم ينفض من الصبا من طيلسانه ملا الكون,0.968
فصحى, لابسات الشنوف و الاطواق جد منهن في الحشا ما الاقي بعد عهد لهن اخلفه ده ر حريص علي اذي العشاق ويح عيني و قد تقرح جفن اها وخدي اما لها اليوم,لابسات الشنوف ,سوريا,إبراهيم الأسود, لابسات الشنوف و الاطواق جد منهن في الحشا ما الاقي بعد عهد لهن اخلفه ده ر حريص علي اذي العشاق ويح عيني و قد تقرح جفن اها وخدي اما لها اليوم من,0.968
فصحى,لاسعد اليمني اغنيتي وما رسم الصغار علي الجدار له الطيور الخضر في الورق المقوي والقصاءد والقلاءد والندي وله الصدي والهمس والنغم المرد في الطريق له المدي ,نشيد أسعد اليمني ,اليمن,عبدالحكيم الفقيه,لاسعد اليمني اغنيتي وما رسم الصغار علي الجدار له الطيور الخضر في الورق المقوي والقصاءد والقلاءد والندي وله الصدي والهمس والنغم المرد في الطريق له المدي �,0.961
فصحى, ا,"أ""حارثَ"" علِّلني وإنْ كنتُ مسهَبا ",العصر العباسي,بشار بن برد, اكياب النقا حتام من لي ان اراك بدمعتي لو انها تهمي اذا ما انتضي وانك في جنح ليل الهوي اسهر,0.0
فصحى,ميلادك الورد ياشامية العبق يا دفقة الضوء من قارورة الشفق ميلادك الصفحة البيضاء المسها لكي يرف حمام العشق في الورق ها انها سنة اخري قد انهمرت غيثا يطمءن فينا سنبل القلق غيثا,تنويعة في ميلادها  ,العراق,عمر محمود عناز,ميلادك الورد ياشامية العبق يا دفقة الضوء من قارورة الشفق ميلادك الصفحة البيضاء المسها لكي يرف حمام العشق في الورق ها انها سنة اخري قد انهمرت غيثا يطمءن فينا سنبل القلق غيثا و,0.968
فصحى, كذا يهجم القدر الغالب و لا يمنع الباب والحاجب تغلغل يصدع شمل العلي كما ذعذع الابل الخارب وقد كان سد ثنايا العدو فمن اين اوضع ذا الراكب و هابت جوانبه الناءبات,كذا يهجم القدر الغالب ,العصر العباسي,الشريف الرضي, كذا يهجم القدر الغالب و لا يمنع الباب والحاجب تغلغل يصدع شمل العلي كما ذعذع الابل الخارب وقد كان سد ثنايا العدو فمن اين اوضع ذا الراكب و هابت جوانبه الناءبات فج,0.968
فصحى, يشم نداماي الرياحين بينهم وذكرك ريحاني اذا دارت الكاس ولو كان يلقي الناس من لاعج الهوي عشير الذي القي اذا هلك الناس,يَشُمّ نَدامايَ الرّياحِينَ بَينَهُمْ ,العصر العباسي,أبو الفضل بن الأحنف, يشم نداماي الرياحين بينهم وذكرك ريحاني اذا دارت الكاس ولو كان يلقي الناس من لاعج الهوي عشير الذي القي اذا هلك الناس لا,0.955
فصحى, اما والشفاه العس والاعين النعس لقد جبلت طبعا علي حبها نفسي يءنبني الوام فيها سفاهة ولا وحشتي لاءمين ولا انسي يقولون قد غاليت في عشقك الدمي وهل مشتر لحسن بالثمن البخس,أما والشفاه اللعس والأعين النعس ,السعودية,ابن معصوم المدني, اما والشفاه العس والاعين النعس لقد جبلت طبعا علي حبها نفسي يءنبني الوام فيها سفاهة ولا وحشتي لاءمين ولا انسي يقولون قد غاليت في عشقك الدمي وهل مشتر لحسن بالثمن البخس واني,0.968
فصحى, طرقتنا ذات البنان الاحم حبذا النوم لخيال الملم وحديث نمي اليها فلم تر قب بيانا وباطل القول ينمي لو سقتني سما لقلت دعوها لا يضر الحوار وطاة ام,طَرَقَتْنا ذاتُ البَنَانِ الأَحَمِّ ,العصر العباسي,بشار بن برد, طرقتنا ذات البنان الاحم حبذا النوم لخيال الملم وحديث نمي اليها فلم تر قب بيانا وباطل القول ينمي لو سقتني سما لقلت دعوها لا يضر الحوار وطاة ام لها,0.965
فصحى, قرانك يا ارما يقارنه السعد به صفت الايام وابتسم المجد نشات علي حب المعالي صغيرة فكم فاخر الصرح المعلي بك المهد لانت فتاة كرم اله وجها فليس لما تسديه من نعم,قرانك يا ارما يقارنه السعد ,لبنان,ابراهيم الأسود, قرانك يا ارما يقارنه السعد به صفت الايام وابتسم المجد نشات علي حب المعالي صغيرة فكم فاخر الصرح المعلي بك المهد لانت فتاة كرم اله وجها فليس لما تسديه من نعم ولا,0.968
فصحى,بعيدا عنك في جيكور عن بيتي و اطفالي تشد مخالب الصوان و الاسفلت و الضجر علي قلبي تمزق ما تبقي فيه من وتر يدندن يا سكون اليل يا انشودة المطر تشد مخالب,سفر أيوب ( 3)  ,العراق,بدر شاكر السياب,بعيدا عنك في جيكور عن بيتي و اطفالي تشد مخالب الصوان و الاسفلت و الضجر علي قلبي تمزق ما تبقي فيه من وتر يدندن يا سكون اليل يا انشودة المطر تشد مخالب الظلام,0.968
فصحى, تسد اذا حم الحمام المذاهب ويعي البرايا فوت ماله طالب و انت وما في الخلق منك معوض لهم عوض من كل ما هو ذاهب اري غير الايام تلعب بالوري فلا زلت,تسدُّ إذا حمَّ الحمامُ المذاهبُ ,العصر العباسي,ابن حيوس, تسد اذا حم الحمام المذاهب ويعي البرايا فوت ماله طالب و انت وما في الخلق منك معوض لهم عوض من كل ما هو ذاهب اري غير الايام تلعب بالوري فلا زلت عن,0.968
فصحى, هو البر في بحر وان سكن البرا اذا هو جاء الخير لم يعدم الشرا وهل تظفر الدنيا علي بمنة وما ساء فيها النفس اضعاف ما سرا يلاقي حليف العيش ما هو,هو البَرُّ في بحرٍ، وإن سكَنَ البَرّا، ,العصر العباسي,أبوالعلاء المعري, هو البر في بحر وان سكن البرا اذا هو جاء الخير لم يعدم الشرا وهل تظفر الدنيا علي بمنة وما ساء فيها النفس اضعاف ما سرا يلاقي حليف العيش ما هو ,0.968
فصحى, ياوي الي حسب مثل السها شرفا لكن ذاك خفي وهو مشهور كانه السيف في الهيجاء منصلتا لو كان لسيف في الهيجاء تدبير,يأوي إلى حسبٍ مثلِ السها شرفاً ,العصر الأندلسي,ابن سهل الأندلسي, ياوي الي حسب مثل السها شرفا لكن ذاك خفي وهو مشهور كانه السيف في الهيجاء منصلتا لو كان لسيف في الهيجاء تدبير اذا,0.955
فصحى, الحمد له موصولا كما وجبا فهو الذي برداء العزة احتجبا الباطن الظاهر الحق الذي عجزت عنه المدارك لما امعنت طلبا علا عن الوصف من لا شيء يدركه وجل عن سب من,الحمدُ لله مَوْصُولا كما وجبا ,العصر الأندلسي,لسان الدين الخطيب, الحمد له موصولا كما وجبا فهو الذي برداء العزة احتجبا الباطن الظاهر الحق الذي عجزت عنه المدارك لما امعنت طلبا علا عن الوصف من لا شيء يدركه وجل عن سب من لم,0.968
فصحى,كنت اعدو في غابة الوز لما قال عني اماه اني حلوه وعلي سالفي غفا زر ورد وقميصي تفلت منه عروه قال ما قال فالقميص جحيم فوق صدري والثوب يقطر نشوه قال لي,حِكَاية ,سوريا,نزار قباني,كنت اعدو في غابة الوز لما قال عني اماه اني حلوه وعلي سالفي غفا زر ورد وقميصي تفلت منه عروه قال ما قال فالقميص جحيم فوق صدري والثوب يقطر نشوه قال لي انا,0.968
فصحى, وغانية لما راتني اعولت وقالت عجيب يا زهير عجيب رات شعرات لحن بيضا بمفرقي وغصني من ماء الشباب رطيب لقد انكرت مني مشيبا علي صبا وقالت مشيب قلت ذاك مشيب وما,وغانية ٍ لما رأتنيَ أعولتْ ,العصر العباسي,بهاء الدين زهير, وغانية لما راتني اعولت وقالت عجيب يا زهير عجيب رات شعرات لحن بيضا بمفرقي وغصني من ماء الشباب رطيب لقد انكرت مني مشيبا علي صبا وقالت مشيب قلت ذاك مشيب وما هو,0.968
فصحى, من اين لي يا ,الهدهد السادس ,اليمن,عبدالله البردوني, من اين لي يا ملهم الشعر و هل في الهوي من رحمة لو لم يكن شعري سمت بها زمنا لالمح فوق البسيطة ندي الثري ما,0.135
فصحى, لولا ادكارك تل راهط والحمي ما سح جفنك بالدموع ولا همي اني اتجهت رايت روضا محدقا بشفا غدير كالمجرة والسما ياهل ودي بالشام تحية من نازح لم يبق فيه سوي ذما,لولا ادّكارُكَ تلَّ راهطَ والحِمى ,العصر العباسي,ابن عنين, لولا ادكارك تل راهط والحمي ما سح جفنك بالدموع ولا همي اني اتجهت رايت روضا محدقا بشفا غدير كالمجرة والسما ياهل ودي بالشام تحية من نازح لم يبق فيه سوي ذما لو,0.968
فصحى, روح مرفرفة وجسم مجهد وعوارض تهفو لما يبدي الغد كشف الغطاءفشف عما تحته درب به زلق واخر موصد ومسير ايام بغير تزود والحاديان تعثر وترد مالي اسير وراء لمعة بارق لمعت,أسئلة ,السعودية,حبيب بن معلا المطيري, روح مرفرفة وجسم مجهد وعوارض تهفو لما يبدي الغد كشف الغطاءفشف عما تحته درب به زلق واخر موصد ومسير ايام بغير تزود والحاديان تعثر وترد مالي اسير وراء لمعة بارق لمعتاد,0.967
فصحى,تعال اريك رءي واريك الرايات تعال اريك الايات اريك الوطن الطين الطمي الصلصال تعال تعال يدي في الفضة هاءمة اخذت فمشت الازرق في خطوات الريش يشب ادخل فدخلت الازرق بالريش الفضي وكان,ت - مرآة التأسيس ,البحرين,قاسم حداد,تعال اريك رءي واريك الرايات تعال اريك الايات اريك الوطن الطين الطمي الصلصال تعال تعال يدي في الفضة هاءمة اخذت فمشت الازرق في خطوات الريش يشب ادخل فدخلت الازرق بالريش الفضي وكان الماء,0.968
فصحى, حمدا لمن جعل الاجازة سلما يرث المجاز بنيلها نسبا سما وصلاته وسلامه ابدا علي خير الوري متعلما ومعلما ولاله وجميع امته الرضي لا سيما علماءهم لا سيما هذا وان الفاضل ابن,حمداً لمن جعل الإجازةَ سُلَّمَا  ,تونس,إبراهيم بن عبد القادر الرِّيَاحي, حمدا لمن جعل الاجازة سلما يرث المجاز بنيلها نسبا سما وصلاته وسلامه ابدا علي خير الوري متعلما ومعلما ولاله وجميع امته الرضي لا سيما علماءهم لا سيما هذا وان الفاضل ابن التقي,0.968
فصحى, اذا لم ارو صارمي من دم العدي ويصبح من افرنده الدم يقطر فلا كحلت اجفان عيني بالكري ولا جاءني من طيف عبلة مخبر اذا ما راني الغرب ذل لهيبتي وما زال,إذا لم أُروِّ صارمي من دمِ العِدى ,العصر الجاهلي,عنترة  بن شداد, اذا لم ارو صارمي من دم العدي ويصبح من افرنده الدم يقطر فلا كحلت اجفان عيني بالكري ولا جاءني من طيف عبلة مخبر اذا ما راني الغرب ذل لهيبتي وما زال ض,0.968
فصحى, ضعيتكم قد اشبهت ليلتي مخوفة مسودة كالحه كلاهما في وصفه واحد ما اشبه اليلة بالبارحه,ضعيتكم قد أشبهت ليلتي ,العصر الأندلسي,ابن نباتة المصري, ضعيتكم قد اشبهت ليلتي مخوفة مسودة كالحه كلاهما في وصفه واحد ما اشبه اليلة بالبارحه واها لذي يبغي زيارتكم وقد,0.743
فصحى, يا موحش الاخوان عش مستانسا ومصاحب التوفيق والتسديد ان ينصرم حبل العيان تباعدا فالذكر متصل بحبل وريدي لم ادر كيف فراق جسم روحه حتي وقفت اودع الجارودي,يا موحش الإخوان عش مستأنساً ,العصر العباسي,الخُبز أَرزي, يا موحش الاخوان عش مستانسا ومصاحب التوفيق والتسديد ان ينصرم حبل العيان تباعدا فالذكر متصل بحبل وريدي لم ادر كيف فراق جسم روحه حتي وقفت اودع الجارودي ام,0.964
فصحى, قالت رايتك تستجدي يد الكسل تنام ملتحفا بالهم والوجل ان راودتك المني يوما لتصحبها جرعتها غص التسويف والمل فقلت تلك دعايات ملفقة انت التي شوهت من سيرتي مثلي تركتها ونيوب الكيد,البسمات الصفر ,السعودية,أحمد سالم باعطب, قالت رايتك تستجدي يد الكسل تنام ملتحفا بالهم والوجل ان راودتك المني يوما لتصحبها جرعتها غص التسويف والمل فقلت تلك دعايات ملفقة انت التي شوهت من سيرتي مثلي تركتها ونيوب الكيد في,0.968
فصحى,ما اغمضت عيناي الا علي حلم يسير الموت في سيره ينام في الظلمة مستغرقا ويطلع الشمس علي غيره,الشمس ,سوريا,أدونيس,ما اغمضت عيناي الا علي حلم يسير الموت في سيره ينام في الظلمة مستغرقا ويطلع الشمس علي غيره حتي اذا ما سءلت نفسي هل,0.733
فصحى, مضي الامس والدنيا ستمضي سريعة فليس لايام الحياة بقاء مضي الامس لم اعرفك الا رواية لها من تهاويل الرياء طلاء انت حبيبي انت طالت شكايتي وطال غرام ياءس وعناء تسافر من,مضى الأمسُ والدنيا ستمضى سريعةً ,مصر,زكي مبارك, مضي الامس والدنيا ستمضي سريعة فليس لايام الحياة بقاء مضي الامس لم اعرفك الا رواية لها من تهاويل الرياء طلاء انت حبيبي انت طالت شكايتي وطال غرام ياءس وعناء تسافر من غير,0.968
فصحى, تجري علي احسابهم والعود ينبت في لحاءه,تَجْرِي على أحْسَابِهِمْ ,العصر العباسي,بشار بن برد, تجري علي احسابهم والعود ينبت في لحاءه ما قد زرعنا من حكمته ومن حكمة اله التي لم تكن تاتي ولا تذر يا قبر اكرم خلق,0.262
فصحى,اوراق الشجر الخضراء وبقايا مطر الصحراء قصة ليلي والمجنون قصة عنترة العبسي شعر نزار والالقاء عجزوا عن وصفك سيدتي وتخلت عنك الاسماء يا سيدة الحب الخالد يا ايقونة كل مساء كل الدنيا,على قيدِ الغرامًْ  ,الأردن,رائد محمد الحموز,اوراق الشجر الخضراء وبقايا مطر الصحراء قصة ليلي والمجنون قصة عنترة العبسي شعر نزار والالقاء عجزوا عن وصفك سيدتي وتخلت عنك الاسماء يا سيدة الحب الخالد يا ايقونة كل مساء كل الدنيا امراة,0.968
فصحى,السقف ينزف فوق راسي والجدار يءن من هول المطر وانا غريق بين احزاني تطاردني الشوارع لازقة لحفر في الوجه اطياف من الماضي وفي العينين نامت كل اشباح السهر والثوب يفضحني وحول يدي,أحزان ليلة ممطرة ,مصر,فاروق جويدة,السقف ينزف فوق راسي والجدار يءن من هول المطر وانا غريق بين احزاني تطاردني الشوارع لازقة لحفر في الوجه اطياف من الماضي وفي العينين نامت كل اشباح السهر والثوب يفضحني وحول يدي وجهي,0.968
فصحى, صاح قل هل تري فوق اوج الذري بارقا قد سري ما وراء الحدود تلك نار الخلود ضل عنها الانام واستحبوا الظلام فهي تدعو النيام اقبلوا يا رقود نحو سعد السعود تلك,صاحِ قل هل ترى ,سوريا,نسيب عريضة, صاح قل هل تري فوق اوج الذري بارقا قد سري ما وراء الحدود تلك نار الخلود ضل عنها الانام واستحبوا الظلام فهي تدعو النيام اقبلوا يا رقود نحو سعد السعود تلك حرب,0.968
فصحى, سلوا الركب ان وافي من الغور نحوكم يخبركم عن لوعتي ورسيسي حديثا به ابقيت في الركب نشوة وقد اسكرتهم خمرتي وكءوسي فلا تبعثوا لي في النسيم تحية فيرتاب من طيب النسيم,سَلوا الرّكبَ إن وَافى من الغوْرِ نحوكم ,العصر العباسي,بهاء الدين زهير, سلوا الركب ان وافي من الغور نحوكم يخبركم عن لوعتي ورسيسي حديثا به ابقيت في الركب نشوة وقد اسكرتهم خمرتي وكءوسي فلا تبعثوا لي في النسيم تحية فيرتاب من طيب النسيم بنشر,0.968
فصحى, لبني البرمكي قصر منيف وجمال وليس فيهم حنيف دارهم مسجد يءذن فيها لاتقاء وليس فيها كنيف فاذا اذنوا لوقت صلاة كروا لا اله الا الرغيف,لبني البـرمـكـيّ قـصـرٌ مُنيـفُ، ,العصر العباسي,أبو نواس, لبني البرمكي قصر منيف وجمال وليس فيهم حنيف دارهم مسجد يءذن فيها لاتقاء وليس فيها كنيف فاذا اذنوا لوقت صلاة كروا لا اله الا الرغيف واذا,0.961
فصحى,قابلته بحصون الشوق معتصما وبسمة لونت خديه لو علما افدي الشموس التي تفدي الخدود التي تفدي البريق الذي يفدي الذي ابتسما يا قلب كم حيرتني عندما سالت ان لم تزل في ضلوعي,القلبُ إذا تَلَكَّأ ,العراق,سامي العامري,قابلته بحصون الشوق معتصما وبسمة لونت خديه لو علما افدي الشموس التي تفدي الخدود التي تفدي البريق الذي يفدي الذي ابتسما يا قلب كم حيرتني عندما سالت ان لم تزل في ضلوعي غ,0.968
فصحى, ادبرا علي الكاس ليس لها ترك و يا لاءمي لي فتنتي ولك النسك دعوني ونفسي وبارك اله فيكم اما لاسير الغي من لومكم فك اذا لم يكن لرشد والنصح قابلا فسخطكم,أدبرا عليّ الكأسَ ليسَ لها تركُ ، ,العصر العباسي,ابن المعتز, ادبرا علي الكاس ليس لها ترك و يا لاءمي لي فتنتي ولك النسك دعوني ونفسي وبارك اله فيكم اما لاسير الغي من لومكم فك اذا لم يكن لرشد والنصح قابلا فسخطكم عند,0.968
فصحى, اتاني ان البيهقي يسبني هوت امه في اي مورطة ورط وايتما بلوي جناها لنفسه وايتما نعمي وعافية غمط تعرض لي مغري بخرط قتادتي وهل يءلم الخرط القتاد اذا خرط وما كان,أتانيَ أن البيهقي يسُبُّني ,العصر العباسي,ابن الرومي, اتاني ان البيهقي يسبني هوت امه في اي مورطة ورط وايتما بلوي جناها لنفسه وايتما نعمي وعافية غمط تعرض لي مغري بخرط قتادتي وهل يءلم الخرط القتاد اذا خرط وما كان يدري,0.968
فصحى, حكم المنية نافذ الاحكام والدار ما جعلت بدار مقام كم فت كبدا وكم ابكت دما ورفيع عرش ثل بعد نظام ولربما هان المصاب وانت يا حمودة جل علي الايام يفني الزمان,حُكْمُ المنيّةِ نافذُ الأحكامِ  ,تونس,إبراهيم بن عبد القادر الرِّيَاحي, حكم المنية نافذ الاحكام والدار ما جعلت بدار مقام كم فت كبدا وكم ابكت دما ورفيع عرش ثل بعد نظام ولربما هان المصاب وانت يا حمودة جل علي الايام يفني الزمان ولا,0.968
فصحى, - في كل مساء يطرق بابي الموصد فجر وتطوف هالات النور شعاع عذري يتسل من زاوية في نافذة كنت سهوت بقصد عن احكام ستارتها ويضيء يضيء باعماقي يشرق بي تلاطم امواج,لعينيكِ أُغنّي ,عمان,محمد ياسين, - في كل مساء يطرق بابي الموصد فجر وتطوف هالات النور شعاع عذري يتسل من زاوية في نافذة كنت سهوت بقصد عن احكام ستارتها ويضيء يضيء باعماقي يشرق بي تلاطم امواج السر,0.968
فصحى,اتي نعيه اليوم جاب الديار و جاب المحيطات حتي اتاني فلم تجر بالادمع المقلتان فقد غاغلت من دمي في القرار ابي مات لم ابك حزنا عليه و ان جن قلبي من الهم,لوي مكنيس ,العراق,بدر شاكر السياب,اتي نعيه اليوم جاب الديار و جاب المحيطات حتي اتاني فلم تجر بالادمع المقلتان فقد غاغلت من دمي في القرار ابي مات لم ابك حزنا عليه و ان جن قلبي من الهم ما,0.968
فصحى, استعذ من رمضان بسلافات الدنان واطو شوالا علي القص ف وتغريد القيان وليكن في كل يوم لك فيه سكرتان من شوالا علينا وحقيق بامتنان جاء بالقصف وبالعز ف وتخليع العنان اوفق,اسْتَعِذْ مِن رَمضانَ ,العصر العباسي,أبو نواس, استعذ من رمضان بسلافات الدنان واطو شوالا علي القص ف وتغريد القيان وليكن في كل يوم لك فيه سكرتان من شوالا علينا وحقيق بامتنان جاء بالقصف وبالعز ف وتخليع العنان اوفق الي,0.968
فصحى, علي ان لا اريح العيش والقتبا والبس البيد والظلماء واليلبا واترك الخود معسولا مقبلها واهجر الكاس تغذو شربها طربا حسبي الفلا مجلسا والبوم مطربة والسير يسكرني من مسه تعبا وطفلة كقضيب,عليّ أن لا أريح العيش والقتبا ,العصر العباسي,بديع الزمان الهمذاني, علي ان لا اريح العيش والقتبا والبس البيد والظلماء واليلبا واترك الخود معسولا مقبلها واهجر الكاس تغذو شربها طربا حسبي الفلا مجلسا والبوم مطربة والسير يسكرني من مسه تعبا وطفلة كقضيب البان,0.968
فصحى,السرير مرة اخري قبل ان انتشر في النهار كالشظايا يحدث داءما نشيج متقطع قنوات من المصل علي الظهور قبالة دكان التبغ حيث يمكن تامل الاضلاع الناجمة عن تداخل الشوارع,هذا ما يحدث ,لبنان,وديع سعادة,السرير مرة اخري قبل ان انتشر في النهار كالشظايا يحدث داءما نشيج متقطع قنوات من المصل علي الظهور قبالة دكان التبغ حيث يمكن تامل الاضلاع الناجمة عن تداخل الشوارع ذات,0.965
فصحى, بكرت عواذله وجاء عفاته فرايت محمود الندي مذموما,بَكَرَتْ عواذِلُهُ وجاءَ عُفاتُهُ ,العصر العباسي,ديك الجن, بكرت عواذله وجاء عفاته فرايت محمود الندي مذموما له من نعمة ما ليس تحصي كفاها لا تطلبن ابا نصر,0.402
فصحى, بعيد جلوس سلطان الانام سليل ملوك عثمان العظام ومن اوفي نداه علي الغمام واحي الملك بالنعم الجسام رتعنا بالسعادة والسلام اذا ما عادنا عيد الجلوس نفي عنا الهموم وكل بوس وكان,بعيد جلوس سلطان الأنام ,لبنان,ابراهيم الأسود, بعيد جلوس سلطان الانام سليل ملوك عثمان العظام ومن اوفي نداه علي الغمام واحي الملك بالنعم الجسام رتعنا بالسعادة والسلام اذا ما عادنا عيد الجلوس نفي عنا الهموم وكل بوس وكان ذا,0.968
فصحى, هل لحليم علي ما فات من اسف ام هل لعيش مضي في الدهر من خلف وما تذكر من سلمي وقد شحطت في رسم دار ونءي غير معترف جادت له الدلو والشعري,هل للحليم على ما فات من أَسف ,العصر الجاهلي,بشرُ بنُ أَبي خازِم, هل لحليم علي ما فات من اسف ام هل لعيش مضي في الدهر من خلف وما تذكر من سلمي وقد شحطت في رسم دار ونءي غير معترف جادت له الدلو والشعري فان,0.968
فصحى, شبح الموت ما يخيف البرايا من حتوف تعانق الارواحا وجد الناس في كءوسك سما غير اني وجدت فيهن راحا فاسقنيها قد طال صحوي و مكثي و تمنيت سكرة و رواحا لا,و ذرني أحيّي الصباحا ,سوريا,بدوي الجبل, شبح الموت ما يخيف البرايا من حتوف تعانق الارواحا وجد الناس في كءوسك سما غير اني وجدت فيهن راحا فاسقنيها قد طال صحوي و مكثي و تمنيت سكرة و رواحا لا ت,0.968
فصحى,ابحث في الخطو الناشز في القتب الدامي في القرن العاءر/ بين الكنة والعجمة في الضلع المكسور والسنوات المطوطة [ تجمع اشياء الماضي - الموت الزميت -والحزن السكيت - والالم السادر ] ابحث, المنمنمة الأولى  ,تونس,صدقي شعباني,ابحث في الخطو الناشز في القتب الدامي في القرن العاءر/ بين الكنة والعجمة في الضلع المكسور والسنوات المطوطة [ تجمع اشياء الماضي - الموت الزميت -والحزن السكيت - والالم السادر ] ابحث عن,0.968
فصحى,غب يا هلال اني اخاف عليك من قهر الرجال قف من وراء الغيم لا تنشر ضياءك فوق اعناق التلال غب يا هلال اني لاخشي ان يصيبك - حين تلمحنا - الخبال انا,غب يا هلال ,السعودية,عبدالرحمن العشماوي,غب يا هلال اني اخاف عليك من قهر الرجال قف من وراء الغيم لا تنشر ضياءك فوق اعناق التلال غب يا هلال اني لاخشي ان يصيبك - حين تلمحنا - الخبال انا لن,0.968
فصحى,لو كان في البلاد لي مال بكيته كصراف عجوز لو كان في البلاد لي بيت بكيته كمالك البيوت لكنما انا فقير كل عمري سيدي القاضي واذ ابكي فلا ادري لماذا يعقل ان,أَمامَ القاضي .. ,العراق,كمال سبتي,لو كان في البلاد لي مال بكيته كصراف عجوز لو كان في البلاد لي بيت بكيته كمالك البيوت لكنما انا فقير كل عمري سيدي القاضي واذ ابكي فلا ادري لماذا يعقل ان تبكي,0.968
فصحى, الي رزنامة السقوط العربي,إضافات تموزية ,فلسطين,ناصر ثابت, الي رزنامة السقوط العربي بين قوسين من حدود القلب و الامواج في ليل الخليج و الريح الشمالية التي تناثرت اشلاءنا المرمية فوق شواطء,0.147
فصحى, بعثت بها معرقة الهوادي وقعن الي المدي وقع السهام فمن شهب كغران المساعي من دهم كاخلاق الءام,بَعَثْتُ بِهَا مُعَرَّقَة َ الهَوَادي ,العصر العباسي,الشريف الرضي, بعثت بها معرقة الهوادي وقعن الي المدي وقع السهام فمن شهب كغران المساعي من دهم كاخلاق الءام ومن بيض كيام السيوف,0.804
فصحى, يا بءس يوم كاسف ان لم يغير في غده لامة وزيرها عاصر زيت بيده يظهر نصحا وجه وغشه في كبده,يا بؤسَ يومٍ كاسفٍ ,العراق,إبراهيم بن المهدي, يا بءس يوم كاسف ان لم يغير في غده لامة وزيرها عاصر زيت بيده يظهر نصحا وجه وغشه في كبده يغشي الو,0.907
فصحى, في رحمة اله حل شيخ وجنة دارها الخلود تفيض من صدره علوم وقد طمي بحرها المديد ولم يزل ميتا وحيا من هلمه الناس تستفيد سار الي ربه غير فان بالعز وهو,في رحمة الله حلَّ شيخٌ ,العصر الأندلسي,عبد الغفار الأخرس, في رحمة اله حل شيخ وجنة دارها الخلود تفيض من صدره علوم وقد طمي بحرها المديد ولم يزل ميتا وحيا من هلمه الناس تستفيد سار الي ربه غير فان بالعز وهو ,0.968
فصحى,اخاف يا عصفورة المطر وقد زرعت الحلم في عينيك مثل الياسمين زرعته في اضلعي وبعتك الاوهام مثل الطاءر الحزين رويتها من ادمعي اخاف يا عصفورة المطر من اشتعال النار في خديك يا,مفتاح الشعر ,شعراء العراق والشام,عبد السلام بركات زريق ,اخاف يا عصفورة المطر وقد زرعت الحلم في عينيك مثل الياسمين زرعته في اضلعي وبعتك الاوهام مثل الطاءر الحزين رويتها من ادمعي اخاف يا عصفورة المطر من اشتعال النار في خديك يا هذا,0.968
فصحى, وجه حميد ان تاملته اقبح خلق کله ديباجه وجه قليل الخير ما فيه لراجي مكان لقضا حاجه اجي مكان لقضا حاجه مشوه في وسطه منخر اوسع من تنور زجاجه مستثقل الروح,وجهُ حُمَيْدٍ إنْ تأمَّلْتَهُ ,العصر العباسي,سبط ابن التعاويذي, وجه حميد ان تاملته اقبح خلق کله ديباجه وجه قليل الخير ما فيه لراجي مكان لقضا حاجه اجي مكان لقضا حاجه مشوه في وسطه منخر اوسع من تنور زجاجه مستثقل الروح مثل,0.968
فصحى,ابكيك كي تزعل واذا زعلت فدمعك الانبل ابكيك كيلا تشتكي انا استفزك حينما ابكيك فعلي قاتل ادري به لكن فعل المشتكي اقتل يا انت فاستبقي الاليء في ذراك ونجمك الاعماق يشهق بالبريق,أبكيكَ كي تزعلْ ! ,العراق,سامي العامري,ابكيك كي تزعل واذا زعلت فدمعك الانبل ابكيك كيلا تشتكي انا استفزك حينما ابكيك فعلي قاتل ادري به لكن فعل المشتكي اقتل يا انت فاستبقي الاليء في ذراك ونجمك الاعماق يشهق بالبريق المع,0.968
فصحى, انت غنيت لرضا والمحبه عاشقا والوجود ياكل قلبه عابرا والخلاء يلهو فينسي فبماذا تذكر الخطو دربه وبمن ذا تلوذ والفكر غاف في مهاوي الرجاء والياس عصبه حين غنيت في غناءك فاضت,سميرُ الصمت ,مصر,عبد الرحيم أحمد الصغير(الماسخ), انت غنيت لرضا والمحبه عاشقا والوجود ياكل قلبه عابرا والخلاء يلهو فينسي فبماذا تذكر الخطو دربه وبمن ذا تلوذ والفكر غاف في مهاوي الرجاء والياس عصبه حين غنيت في غناءك فاضت ش,0.968
فصحى, الا ليت شعري ما تقول مجاشع اذا قال راعي النيب اودي الفرزدق الم اك اكفيها واحمي ذمارها وابلغ اقصي ما به متعلق واني لما اورد الخصم جهده اذا لم يكن الا,ألا ليت شعري ما تقول مجاشع ,العصر الإسلامي,الفرزدق, الا ليت شعري ما تقول مجاشع اذا قال راعي النيب اودي الفرزدق الم اك اكفيها واحمي ذمارها وابلغ اقصي ما به متعلق واني لما اورد الخصم جهده اذا لم يكن الا اليك,0.968
فصحى,-,الفيضان ,العراق,نازك الملائكة,- لا تخجل من شانها فاليل ليس له اخر و البحر لنور الذي كان في سالف الزمان هو النور الذي ينير علي الدروب به ظلمات و,0.0
فصحى, اطلوا كما اتقد الكوكب ينور ما خبط الغيهب وسيروا وان بعدت غاية وشقوا الطريق ولا تعبوا ومدوا سواعدكم انها معين من الجهد لا ينضب وهاتوا قلوبكم افرغت علي نجدة الحق او,إلى المناضلين... ,العراق,محمد مهدي الجواهري, اطلوا كما اتقد الكوكب ينور ما خبط الغيهب وسيروا وان بعدت غاية وشقوا الطريق ولا تعبوا ومدوا سواعدكم انها معين من الجهد لا ينضب وهاتوا قلوبكم افرغت علي نجدة الحق او ن,0.968
فصحى, بك علي الناس بالمزموم والرمل فان اعمال دنياهم كلا عمل والحكم من عالم عال تنزله فما لسكان هذي الارض كالهمل عاشوا بها واستجاشوا ثم ما حصلوا الا علي الموت في التفصيل,بَكِّ على النّاسِ بالمزمومِ والرّمَلِ، ,العصر العباسي,أبوالعلاء المعري, بك علي الناس بالمزموم والرمل فان اعمال دنياهم كلا عمل والحكم من عالم عال تنزله فما لسكان هذي الارض كالهمل عاشوا بها واستجاشوا ثم ما حصلوا الا علي الموت في التفصيل والاج,0.968
فصحى, اري الصبر محمودا وفيه مذاهب فكيف اذا ما لم يكن عنه مذهب هناك يحق الصبر والصبر واجب وما كان منه كالضرورة اوجب هو المهرب المنجي لمن احدقت به مكاره دهر ليس,أرى الصبر محموداً وفيه مذاهبٌ ,العصر العباسي,ابن الرومي, اري الصبر محمودا وفيه مذاهب فكيف اذا ما لم يكن عنه مذهب هناك يحق الصبر والصبر واجب وما كان منه كالضرورة اوجب هو المهرب المنجي لمن احدقت به مكاره دهر ليس ,0.968
فصحى, يا حر امسي سواد الراس خالطه شيب القذال اختلاط الصفو بالكدر يا حر امست لبانات الصبا ذهبت فلست منها علي عين ولا اثر كان الشباب لحاجات وكن له فقد فرغت الي,يا حُرَّ، أَمسَى سَوادُ الرّأسِ خَالَطَهُ ,العصر الجاهلي,سلامة بن جندل, يا حر امسي سواد الراس خالطه شيب القذال اختلاط الصفو بالكدر يا حر امست لبانات الصبا ذهبت فلست منها علي عين ولا اثر كان الشباب لحاجات وكن له فقد فرغت الي ان,0.968
فصحى, مر عام و حل عام جديد واناعنك يا فتاتي بعيد بين جنبي لهفة و انقبا ض و حوالي وحشة و جليد استعيد الماضي فتند ي جفوني وكاني في الارض طفل شر,نداء من المنفى ,العراق,رشيد ياسين, مر عام و حل عام جديد واناعنك يا فتاتي بعيد بين جنبي لهفة و انقبا ض و حوالي وحشة و جليد استعيد الماضي فتند ي جفوني وكاني في الارض طفل شرود,0.967
فصحى, اعيذك ان تمني بتبريح لوعة وان تعرف الوسواس كيف يكون ويحزني ان تسند القلب راحة كانك بالقلب الشجي ضنين ويءلمني ان تقطع اليل ساهرا تسهدك الاشجان وهي جنون اذا هزك الشوق,أعيذك أن تمنى بتبريح لوعة ,مصر,إبراهيم عبد القادر المازني, اعيذك ان تمني بتبريح لوعة وان تعرف الوسواس كيف يكون ويحزني ان تسند القلب راحة كانك بالقلب الشجي ضنين ويءلمني ان تقطع اليل ساهرا تسهدك الاشجان وهي جنون اذا هزك الشوق بين,0.968
فصحى, ستعلمون ما يكون مني ان مد من ضبعي طول سني ادع الدنيا ولم تدعني يلعب بي عناءها المعني ناطحة بالجم هام القرن نطاح روق الجازي الاغن وسعت ايامي ولم تسعني افضل,ستعلمون ما يكون مني ,العصر العباسي,الشريف الرضي, ستعلمون ما يكون مني ان مد من ضبعي طول سني ادع الدنيا ولم تدعني يلعب بي عناءها المعني ناطحة بالجم هام القرن نطاح روق الجازي الاغن وسعت ايامي ولم تسعني افضل منها,0.968
فصحى,رقت حواشي فرحة القيا فانت قريبة مني وقلبي يحضن الدنيا بازهار تغ ني لربيع طيور دهشته بحسنك ما لحسنك صورة اخري اقول هي المثيل بها افسر في كتاب العمر امكنة وازمانا وما,صراط ُ العودة  ,مصر,عبد الرحيم أحمد الصغير(الماسخ),رقت حواشي فرحة القيا فانت قريبة مني وقلبي يحضن الدنيا بازهار تغ ني لربيع طيور دهشته بحسنك ما لحسنك صورة اخري اقول هي المثيل بها افسر في كتاب العمر امكنة وازمانا وما انا,0.968
فصحى, لا تبكين من اليالي انها حرمتك نغبة شارب من مشرب فاقل مالك عندها سيف الردي يستل من شعر القذال الاشيب ورحيل عيشك كل رحلة ساعة وفناء طيبك في الزمان الاطيب فاذا,لا تبكين من الليالي أنها ,العصر الأندلسي,ابن شهيد, لا تبكين من اليالي انها حرمتك نغبة شارب من مشرب فاقل مالك عندها سيف الردي يستل من شعر القذال الاشيب ورحيل عيشك كل رحلة ساعة وفناء طيبك في الزمان الاطيب فاذا رايت,0.968
فصحى, تسلي عن الاحباب صرام خلة وصال اخري ما يقيم علي امر,تَسَلَّى عَن الأَحْبَابِ صَرَّامُ خُلَّة ٍ ,العصر العباسي,بشار بن برد, تسلي عن الاحباب صرام خلة وصال اخري ما يقيم علي امرء من سقام يا خليليه انصفا لي فيما جنيتما منه وع,0.461
فصحى,رايتك في المنام فانت بشري لقلبي باجتياز الياس صبرا كما كنت الخلاص لكل سار بليل ماءج ليصيب فجرا فانت النعمة المهداة فينا تفجر في صحاري الجدب نهرا رايتك في المنام فانت مالي,رؤية المصطفى ,مصر,عبد الرحيم أحمد الصغير(الماسخ),رايتك في المنام فانت بشري لقلبي باجتياز الياس صبرا كما كنت الخلاص لكل سار بليل ماءج ليصيب فجرا فانت النعمة المهداة فينا تفجر في صحاري الجدب نهرا رايتك في المنام فانت ماليء,0.967
فصحى, فءاد بذكر الظاعنين موكل ومنزل حي فيه لشوق منزل اراحلة ليلي وفي الصدر حاجة اقام بها وجد فما يترحل سلام علي الحي الذين تحملوا وعجلان من غر السحاب مجلجل فكم كلف,فؤاد بذكر الظاعنين موكل ,العصر العباسي,البحتري, فءاد بذكر الظاعنين موكل ومنزل حي فيه لشوق منزل اراحلة ليلي وفي الصدر حاجة اقام بها وجد فما يترحل سلام علي الحي الذين تحملوا وعجلان من غر السحاب مجلجل فكم كلف البين,0.968
فصحى, ايا منعما لم تزل مفضلا ادام الضني سخطك الداءم ظلمت فان قلت لا بل ظلمت فاني انا الكاذب الاثم واستغفر اله من زلتي فاني من جرمها واجم يفز الحليم ويكبو الجواد,أيا منعماً لم تزل مفضلاً  ,العراق,إبراهيم بن المهدي, ايا منعما لم تزل مفضلا ادام الضني سخطك الداءم ظلمت فان قلت لا بل ظلمت فاني انا الكاذب الاثم واستغفر اله من زلتي فاني من جرمها واجم يفز الحليم ويكبو الجواد وي,0.968
فصحى, مدامع قد خدت في الخدود واعين مكحولة بالهجود ومعشر اوعدهم ربهم فبادروا خشية ذاك الوعيد فهم عكوف في محاريبهم يبكون من خوف عقاب المجيد قد كاد ان يعشب من دمعهم ما,مدامعٌ قدْ خدَّدَتْ في الخدود ,العصر الأندلسي,ابن عبد ربه, مدامع قد خدت في الخدود واعين مكحولة بالهجود ومعشر اوعدهم ربهم فبادروا خشية ذاك الوعيد فهم عكوف في محاريبهم يبكون من خوف عقاب المجيد قد كاد ان يعشب من دمعهم ما لا,0.968
فصحى, احار ابت كفاك الا تدفقا اذا ما سماء الرزق خف سجالها رفيعة سمك البيت ما من يد امريء من الناس الا في السماء تنالها وان سكينا وابنه لكم شماريخ في عيطاء,أحار أبت كفاك إلا تدفقا ,العصر الإسلامي,الفرزدق, احار ابت كفاك الا تدفقا اذا ما سماء الرزق خف سجالها رفيعة سمك البيت ما من يد امريء من الناس الا في السماء تنالها وان سكينا وابنه لكم شماريخ في عيطاء شاه,0.968
فصحى,راءعة كل فعال الغرب والاذناب اما انا فاني مادام لحرية انتسابي فكل ما افعله نوع من الارهاب هم خربوا لي عالمي فليحصدوا ما زرعوا ان اثمرت فوق فمي وفي كريات دمي عولمة,رائعة ,العراق,أحمد مطر,راءعة كل فعال الغرب والاذناب اما انا فاني مادام لحرية انتسابي فكل ما افعله نوع من الارهاب هم خربوا لي عالمي فليحصدوا ما زرعوا ان اثمرت فوق فمي وفي كريات دمي عولمة الكذاب,0.968
فصحى, لمع البرق علينا عشاء وكمثل الصبح رد المساء وسطا باسم حكيم فاخفي زمن الصيف وابدي الشتاء زرع الحكمة في ارض قوم وكساها من سناه البهاء,لمعَ البرقُ علينا عشاءً ,العصر العباسي,محيي الدين  بن عربي, لمع البرق علينا عشاء وكمثل الصبح رد المساء وسطا باسم حكيم فاخفي زمن الصيف وابدي الشتاء زرع الحكمة في ارض قوم وكساها من سناه البهاء و,0.961
فصحى,ما بال نيلك سيدي يشكو كثيرا تحت وطاة زيفهم زيف انتظار والسندباد اضاع خارطة البلاد فدار حول الوجد من زيف الدوار يا ايها النيل المعربد في دمي من ذا الذي سرق الضياء,يا سيدي الشعب ,مصر,عماد علي قطري,ما بال نيلك سيدي يشكو كثيرا تحت وطاة زيفهم زيف انتظار والسندباد اضاع خارطة البلاد فدار حول الوجد من زيف الدوار يا ايها النيل المعربد في دمي من ذا الذي سرق الضياء عليك,0.968
فصحى,غرامنا ما اجمله في الحلة المهلهلة بما عليه لحياة او علي الحياة له تغلغلت جذوره في تربتي المبلة فاورقت فروعه مواجعا واسءلة غرامنا حكاية رغم الجمال - - مذهلة فصاءح صيحاته بين,من أين تأتي الزلزلة ,مصر,إسلام هجرس,غرامنا ما اجمله في الحلة المهلهلة بما عليه لحياة او علي الحياة له تغلغلت جذوره في تربتي المبلة فاورقت فروعه مواجعا واسءلة غرامنا حكاية رغم الجمال - - مذهلة فصاءح صيحاته بين القلوب,0.968
فصحى, هذا الاقبال منك والاعراض يا من يلهو وهذه الاغراض تنبي حقا لكل ذي معرف ان الاكوان كلها اعراض,هذا الإقبال منك والإعراض ,سوريا,عبد الغني النابلسي, هذا الاقبال منك والاعراض يا من يلهو وهذه الاغراض تنبي حقا لكل ذي معرف ان الاكوان كلها اعراض واذا نظرت الي الحساد كلهم قالوا هو الحق الذي,0.66
فصحى, اطول حزني في غد وتحسري وفضيحتي في الحشر ان لم تستر واحيرتي ان فاز اقراني غدا وقفت وحدي وقفة المتحير واسواتي ان افردتني حاءرا اهلي واسلمني هنالك معشري والهف نفسي حين,أطول حزني في غد وتحسري ,العصر الأندلسي,الهبل, اطول حزني في غد وتحسري وفضيحتي في الحشر ان لم تستر واحيرتي ان فاز اقراني غدا وقفت وحدي وقفة المتحير واسواتي ان افردتني حاءرا اهلي واسلمني هنالك معشري والهف نفسي حين اه,0.968
فصحى, اظلوم حان الي القبور ذهابي وبليت قبل الموت في اثوابي فعليك يا سكني السلام فاني عما قليل فاعلمن لما بي جرعتني غص المنية بالهوي فمتي ترينك ترحمن شبابي سبحان من لو,أظلوم حان إلى القبور ذهابي ,العصر العباسي,البحتري, اظلوم حان الي القبور ذهابي وبليت قبل الموت في اثوابي فعليك يا سكني السلام فاني عما قليل فاعلمن لما بي جرعتني غص المنية بالهوي فمتي ترينك ترحمن شبابي سبحان من لو يشاء,0.968
فصحى, الطاءر العالي مراده ماذا يجثمه مراده قد يبتغي اوج السهي ويخون همته عتاده ويصاد بين صغاره ان عز في القحم اصطياده اودت باسماعيل نج دته واضناه سهاده رخصت عليه حياته وغلت,أَلطَّائِرُ العَالِي مَرَادُهُ ,لبنان,خليل مطران, الطاءر العالي مراده ماذا يجثمه مراده قد يبتغي اوج السهي ويخون همته عتاده ويصاد بين صغاره ان عز في القحم اصطياده اودت باسماعيل نج دته واضناه سهاده رخصت عليه حياته وغلت به,0.968
فصحى, ما لزوارق خانتها المجاديف وخيمت في حناياها الاراجيف هل انكرتها مياه النهر او غرقت في اليم سادتها البزل الغطاريف قالوا اتعرفها بالامس روعها ابناء ضرتها الجوعي الملاهيف فقلت اعرفها من يوم,سراييفو ,السعودية,أحمد سالم باعطب, ما لزوارق خانتها المجاديف وخيمت في حناياها الاراجيف هل انكرتها مياه النهر او غرقت في اليم سادتها البزل الغطاريف قالوا اتعرفها بالامس روعها ابناء ضرتها الجوعي الملاهيف فقلت اعرفها من يوم ز,0.968
فصحى, ولقد رحلت اليكم عيدية لا يرعوين الي جنين مجهض اصبحن من نقوي حفير دلحا بلوي اشيقر جاءلات الاعرض ولقد علون من السماوة معلما خلجا موارده بعيد المركض واذا الادلة خاطروا مجهولها,وَلَقَدْ رَحَلْتُ إلَيكُمُ عِيدِيّة ً ,العصر الإسلامي,جرير, ولقد رحلت اليكم عيدية لا يرعوين الي جنين مجهض اصبحن من نقوي حفير دلحا بلوي اشيقر جاءلات الاعرض ولقد علون من السماوة معلما خلجا موارده بعيد المركض واذا الادلة خاطروا مجهولها في,0.968
فصحى, باهي رجال وفي جهل يباهونا لاهون في النسك ان الغاه لاهونا ناهوك عن حسن فعل امروك به والامرون بسوء الفعل ناهونا خلت النجوم تنادي انجموا فرقا او السهي قال اهل الارض,باهَى رجالٌ، وفي جَهلٍ يباهونا، ,العصر العباسي,أبوالعلاء المعري, باهي رجال وفي جهل يباهونا لاهون في النسك ان الغاه لاهونا ناهوك عن حسن فعل امروك به والامرون بسوء الفعل ناهونا خلت النجوم تنادي انجموا فرقا او السهي قال اهل الارض كلهم,0.968
فصحى, دموع الفجر هذي ام دموعي ترقرق بين اجفان الربيع مصفقة كصافية جلالها باكءسه الخليل علي الخليع وهن من الازاهر في شفاه كما تحلو المي بعد الهجوع وثدي الروض در علي جناه,دُموعُ الفجرِ هذي أم دموعي ,مصر,مصطفى صادق الرافعي, دموع الفجر هذي ام دموعي ترقرق بين اجفان الربيع مصفقة كصافية جلالها باكءسه الخليل علي الخليع وهن من الازاهر في شفاه كما تحلو المي بعد الهجوع وثدي الروض در علي جناه ف,0.968
فصحى, صحا قلبه يا عز او كاد يذهل واضحي يريد الصرم او يتبدل ايادي سبا يا عز ما كنت بعدكم فلم يحل لعينين بعدك منزل وخبرها الواشون اني صرمتها وحملها غيظا علي,صَحَا قَلْبُهُ يا عَزَّ أوْ كَادَ يَذْهَلُ ,العصر الإسلامي,كثير عزة, صحا قلبه يا عز او كاد يذهل واضحي يريد الصرم او يتبدل ايادي سبا يا عز ما كنت بعدكم فلم يحل لعينين بعدك منزل وخبرها الواشون اني صرمتها وحملها غيظا علي كب,0.968
فصحى, جبيته دبابة واقفه اهدابه … دبابة زاحفه ليس له وجه … له اوجه مسوحة كالعملة التالفه ساقاه جنزيران … اعراقه اذاعة مبحوحة زاحفه تلغو … كما تسفي الرياح الحصي تحمر كالجنية,يوم 13 حزيران 1974م ,اليمن,عبدالله البردوني, جبيته دبابة واقفه اهدابه … دبابة زاحفه ليس له وجه … له اوجه مسوحة كالعملة التالفه ساقاه جنزيران … اعراقه اذاعة مبحوحة زاحفه تلغو … كما تسفي الرياح الحصي تحمر كالجنية الس,0.968
فصحى, اري البعد لم يخطر سواكم علي بالي وان قرب الاخطار من جسدي البالي فيا حبذا الاسقام في جنب طاعتي اوامر اشواقي وعصيان عذالي ويا ما الذ الذل في عز وصلكم وان,أرى البُعدَ لم يُخْطِرْ سواكم على بالي، ,العصر العباسي,ابن الفارض, اري البعد لم يخطر سواكم علي بالي وان قرب الاخطار من جسدي البالي فيا حبذا الاسقام في جنب طاعتي اوامر اشواقي وعصيان عذالي ويا ما الذ الذل في عز وصلكم وان كان,0.968
فصحى, قد صحالقلب بعدما قد يري وهو منتشي لست من يلقي بوجه لحديث المخدش لي من الصبر حاكم في الهوي غير مرتشي كيف يصفو لك الهوي يا سمي ابن الاعمش يا سمي,قَدْ صَحاالقَلْبُ بعدَما ,العصر العباسي,أبو تمام, قد صحالقلب بعدما قد يري وهو منتشي لست من يلقي بوجه لحديث المخدش لي من الصبر حاكم في الهوي غير مرتشي كيف يصفو لك الهوي يا سمي ابن الاعمش يا سمي الذي,0.968
فصحى, قد نابت الجزع من اروية النوب واستحقبت جدة من ربعها الحقب الو بصبرك اخلاق الوي وهفا بلبك الشوق لما اقفر الب خفت دموعك في اثر الحبيب لدن خفت من الكثبش القضبان,قد نابتِ الجزعَ من أرويّة َ النوبُ ,العصر العباسي,أبو تمام, قد نابت الجزع من اروية النوب واستحقبت جدة من ربعها الحقب الو بصبرك اخلاق الوي وهفا بلبك الشوق لما اقفر الب خفت دموعك في اثر الحبيب لدن خفت من الكثبش القضبان والس,0.968
فصحى, لقد اصبحت تختال في كل بلدة بقبر امير المءمنين المقابر اته التي ابتزت سليمان ملكه والوت بذي القرنين منها الدواءر اته فغالته المنايا ملكة ومعروفه في الشرق والغرب ظاهر ولو كان,لقدْ أصبحتْ تختالُ في كلَّ بلدة ٍ ,العصر الإسلامي,مروان ابن أبي حفصة, لقد اصبحت تختال في كل بلدة بقبر امير المءمنين المقابر اته التي ابتزت سليمان ملكه والوت بذي القرنين منها الدواءر اته فغالته المنايا ملكة ومعروفه في الشرق والغرب ظاهر ولو كان غيرك,0.968
فصحى, الا في سبيل اله ذاك الدم الغالي ولمجد ما ابقي من المثل العالي وبعض المنايا همة من وراءها حياة لاقوام ودنيا لاجيال اعيني جودا بالدموع علي دم كريم المصفي من شباب,ألا في سبيلِ الله ذاكَ الدمُ الغالي ,مصر,أحمد شوقي, الا في سبيل اله ذاك الدم الغالي ولمجد ما ابقي من المثل العالي وبعض المنايا همة من وراءها حياة لاقوام ودنيا لاجيال اعيني جودا بالدموع علي دم كريم المصفي من شباب و,0.968
فصحى, صحن صحناء واسع الاطراف وهو صحن لذي التقي والعفاف حضرة لذي تولي عليها وهي ابهي منازل الاشراف من دعانا لها يجل مقاما فاضل الذات كامل الاوصاف مشرفات جهاتها بسناها خالص الود,صحن صحناء واسع الأطراف ,سوريا,عبد الغني النابلسي, صحن صحناء واسع الاطراف وهو صحن لذي التقي والعفاف حضرة لذي تولي عليها وهي ابهي منازل الاشراف من دعانا لها يجل مقاما فاضل الذات كامل الاوصاف مشرفات جهاتها بسناها خالص الود صف,0.968
فصحى, امسيت من يوم النوي فزعا ويلي علي يوم النوي ويلي واتي الصباح بكل داهية فخرجت من ليل الي ليل,أمسيتُ من يومِ النوى فَزِعا ,مصر,مصطفى صادق الرافعي, امسيت من يوم النوي فزعا ويلي علي يوم النوي ويلي واتي الصباح بكل داهية فخرجت من ليل الي ليل وقضي النهار بامر الهوي ان لا تري,0.725
فصحى, تراءت لنا بالابرقين بروق شروق لافق غاب عنه شروق كان نجوم اليل در وبينها تلالء ايماض الوميض بروق وما خلت الا الورس في الافق انه متي لم يكنه الورس فهو خلوق,تراءَتْ لنا بالأبرَقَيْنِ بُروقُ ,العصر العباسي,الشريف المرتضى, تراءت لنا بالابرقين بروق شروق لافق غاب عنه شروق كان نجوم اليل در وبينها تلالء ايماض الوميض بروق وما خلت الا الورس في الافق انه متي لم يكنه الورس فهو خلوق ح,0.968
فصحى, فدي لبني ذهل بن شيبان ناقتي وراكبها يوم القاء وقلت هم ضربوا بالحنو حنو قراقر مقدمة الهامرز حتي تولت فله عينا من راي من عصابة اشد علي ايدي السفاة من التي,فِدًى لَبنى ذُهلِ بنِ شَيبانَ ناقَتي ,العصر الجاهلي,الأعشى, فدي لبني ذهل بن شيبان ناقتي وراكبها يوم القاء وقلت هم ضربوا بالحنو حنو قراقر مقدمة الهامرز حتي تولت فله عينا من راي من عصابة اشد علي ايدي السفاة من التيجان,0.967
فصحى, دعاني الي اسماء عن غير موعد صروف منايا كان وقفا حمامها فلما کلتقينا شف برد محق عن الشمس جلي يوم دجن غمامها وقلن لها والعين حولك جمة ومثلك باد مستثار مقامها,دعاني إلى أسماءَ عن غيرِ موعدٍ ,العصر الإسلامي,عمر ابن أبي ربيعة, دعاني الي اسماء عن غير موعد صروف منايا كان وقفا حمامها فلما کلتقينا شف برد محق عن الشمس جلي يوم دجن غمامها وقلن لها والعين حولك جمة ومثلك باد مستثار مقامها فلم,0.968
فصحى, انظر ابا قران ما تعيب ماس الذري قومها لبيب تصغي لها الاسماع والقلوب مثل السهام كلها مصيب لطيمة نم عليها الطيب تودعها الاردان والجيوب ويغنم الهلباجة المعيب يتعب ذو البراعة الاديب,انظر ابا قرّان ما تعيب ,العصر العباسي,الشريف الرضي, انظر ابا قران ما تعيب ماس الذري قومها لبيب تصغي لها الاسماع والقلوب مثل السهام كلها مصيب لطيمة نم عليها الطيب تودعها الاردان والجيوب ويغنم الهلباجة المعيب يتعب ذو البراعة الاديب ويع,0.968
فصحى, يا نفس صبرا لعل الخير عقباك خانتك من بعد طول الامن دنياك لكن هو الدهر لقياه علي حذر فرب حارس نفسي تحت اشراك,يا نَفسِ صَبراً لعَلّ الخَيرَ عُقباكِ، ,العصر العباسي,ابن المعتز, يا نفس صبرا لعل الخير عقباك خانتك من بعد طول الامن دنياك لكن هو الدهر لقياه علي حذر فرب حارس نفسي تحت اشراكه خزيان و كل,0.843
فصحى, يا ابن روحي فدتك روحي من الاس واء اني بك الغداة عميد قد اتانا المقور لا زلت كالم قور في خله وفي الخل دود عملته العجوز حتي اذا ما جاد جادت,يا اِبنَ روحي فَدَتكَ روحي مِنَ الأَس ,العصر العباسي,جحظة البرمكي, يا ابن روحي فدتك روحي من الاس واء اني بك الغداة عميد قد اتانا المقور لا زلت كالم قور في خله وفي الخل دود عملته العجوز حتي اذا ما جاد جادت يداه,0.968
فصحى, ضام وكوثرة النسيب ايبل ظمانا لهيب ,نسيب ,العراق,يحيى السماوي, ضام وكوثرة النسيب ايبل ظمانا لهيب مقل الحيا في الخد منه اذا ما شءت ان يذوي علي القلب,0.308
فصحى,وجهم يغزو عصافيري واصنامي الصغيره وجهم يفقا عينيه علي وجهي واقداري وحبي ويغطي عن عيوني وجه ربي وجهم وجهي الذي مات به شمس الظهيره اتخموني اتخموا مستقبلي بسراب الامل جوعوني جوعوا حزني,قصور الجريمة ,سوريا,كمال خير بك,وجهم يغزو عصافيري واصنامي الصغيره وجهم يفقا عينيه علي وجهي واقداري وحبي ويغطي عن عيوني وجه ربي وجهم وجهي الذي مات به شمس الظهيره اتخموني اتخموا مستقبلي بسراب الامل جوعوني جوعوا حزني و,0.968
فصحى, بقدكما ان شءتما فتطاعنا بكل رديني القوام مثقف وان شءتما بالنبل ان تناضلا فدونكما بالرشق من كل اوطف ولا تثقلا خصريكما بمهند في كل جفن منكما حد مرهف,بقدكما إنْ شئتما فتطاعنا ,العصر العباسي,ابن عنين, بقدكما ان شءتما فتطاعنا بكل رديني القوام مثقف وان شءتما بالنبل ان تناضلا فدونكما بالرشق من كل اوطف ولا تثقلا خصريكما بمهند في كل جفن منكما حد مرهف وما,0.965
فصحى, قالوا لنابليون ذات عشية اذ كان يرقب في السماء النجما هل بعد فتح الارض من امنية فاجاب انظر كيف افتح السما,قالوا  لنابليون  ذات عشية ,لبنان,جبران خليل جبران, قالوا لنابليون ذات عشية اذ كان يرقب في السماء النجما هل بعد فتح الارض من امنية فاجاب انظر كيف افتح السما عجبا لها وهي التي لم تزل,0.773
فصحى, تولي الموصلي فقد تولت بشاشات المزاهر والقيان واي ملاحة بقيت فتبقي حياة الموصلي علي الزمان ستبكيه المزاهر والملاهي ويسعدهن عاتقة الدنان وتبكيه الغوية اذ تولي ولا تبكيه تالية القران,تَولَّى المَوْصِلِيّ فقد تَوَلَّتْ ,العراق,أبو الأسد, تولي الموصلي فقد تولت بشاشات المزاهر والقيان واي ملاحة بقيت فتبقي حياة الموصلي علي الزمان ستبكيه المزاهر والملاهي ويسعدهن عاتقة الدنان وتبكيه الغوية اذ تولي ولا تبكيه تالية القران ويب,0.966
فصحى, الشعر اصعب مذهبا ومصاعدا من ان يكون مطيعه في فكه والنظم بحر والخواطر معبر فانظر الي بحر القريض وفلكه فمتي تراني في القريض مقصرا عرضت اذن الامتحان لعركه,الشعر أصعَبُ مذهباً ومصاعِداً ,العصر العباسي,بديع الزمان الهمذاني, الشعر اصعب مذهبا ومصاعدا من ان يكون مطيعه في فكه والنظم بحر والخواطر معبر فانظر الي بحر القريض وفلكه فمتي تراني في القريض مقصرا عرضت اذن الامتحان لعركه فاع,0.965
فصحى,بويب بويب اجراس برج ضاع في قرارة البحر الماء في الجرار و الغروب في الشجر و تنضح الجرار اجراسا من المطر بلورها يذوب في انين بويب يا بويب فيدلهم في دمي حنين,النهر و الموت ,العراق,بدر شاكر السياب,بويب بويب اجراس برج ضاع في قرارة البحر الماء في الجرار و الغروب في الشجر و تنضح الجرار اجراسا من المطر بلورها يذوب في انين بويب يا بويب فيدلهم في دمي حنين ,0.968
